[0m21:02:50.611078 [debug] [MainThread]: Sending event: {'category': 'dbt', 'action': 'invocation', 'label': 'start', 'context': [<snowplow_tracker.self_describing_json.SelfDescribingJson object at 0xffff7d959bb0>, <snowplow_tracker.self_describing_json.SelfDescribingJson object at 0xffff7e0386e0>, <snowplow_tracker.self_describing_json.SelfDescribingJson object at 0xffff7d6c0ec0>]}


============================== 21:02:50.824646 | 7ec79f3a-1b4b-4a92-a6d1-c8f83730e3b1 ==============================
[0m21:02:50.824646 [info ] [MainThread]: Running with dbt=1.11.8
[0m21:02:50.827227 [debug] [MainThread]: running dbt with arguments {'partial_parse': 'True', 'quiet': 'False', 'log_cache_events': 'False', 'introspect': 'True', 'profiles_dir': '.', 'empty': 'False', 'target_path': 'None', 'static_parser': 'True', 'cache_selected_only': 'False', 'use_experimental_parser': 'False', 'debug': 'False', 'write_json': 'True', 'send_anonymous_usage_stats': 'True', 'no_print': 'None', 'use_colors': 'True', 'fail_fast': 'False', 'invocation_command': 'dbt run --select tag:bigquery --profiles-dir . --target bigquery', 'warn_error_options': 'WarnErrorOptionsV2(error=[], warn=[], silence=[])', 'log_format': 'default', 'warn_error': 'None', 'printer_width': '80', 'version_check': 'True', 'indirect_selection': 'eager', 'log_path': '/usr/local/airflow/dbt/logs'}
[0m21:02:52.800754 [debug] [MainThread]: Sending event: {'category': 'dbt', 'action': 'project_id', 'label': '7ec79f3a-1b4b-4a92-a6d1-c8f83730e3b1', 'context': [<snowplow_tracker.self_describing_json.SelfDescribingJson object at 0xffff64e908f0>]}
[0m21:02:52.834640 [debug] [MainThread]: Sending event: {'category': 'dbt', 'action': 'adapter_info', 'label': '7ec79f3a-1b4b-4a92-a6d1-c8f83730e3b1', 'context': [<snowplow_tracker.self_describing_json.SelfDescribingJson object at 0xffff64d18d10>]}
[0m21:02:52.835075 [info ] [MainThread]: Registered adapter: bigquery=1.11.1
[0m21:02:52.923574 [debug] [MainThread]: checksum: 37c4db928af9891f5e0dd258519df63812471ab9c4e0367d3c9f4eec932aedf1, vars: {}, profile: , target: bigquery, version: 1.11.8
[0m21:02:52.924240 [info ] [MainThread]: Unable to do partial parsing because saved manifest not found. Starting full parse.
[0m21:02:52.924495 [debug] [MainThread]: Sending event: {'category': 'dbt', 'action': 'partial_parser', 'label': '7ec79f3a-1b4b-4a92-a6d1-c8f83730e3b1', 'context': [<snowplow_tracker.self_describing_json.SelfDescribingJson object at 0xffff65427170>]}
[0m21:02:53.587233 [debug] [MainThread]: Sending event: {'category': 'dbt', 'action': 'experimental_parser', 'label': '7ec79f3a-1b4b-4a92-a6d1-c8f83730e3b1', 'context': [<snowplow_tracker.self_describing_json.SelfDescribingJson object at 0xffff64e67e90>]}
[0m21:02:54.045551 [debug] [MainThread]: [[33mWARNING[0m]: Test 'test.airflow_dbt_project.not_null_my_databricks_model_id.d24d065925' (models/databricks/schema.yml) depends on a node named 'my_databricks_model' which is disabled
[0m21:02:54.046579 [debug] [MainThread]: [[33mWARNING[0m]: Test 'test.airflow_dbt_project.not_null_my_postgres_model_id.77a69e6be9' (models/postgres/schema.yml) depends on a node named 'my_postgres_model' which is disabled
[0m21:02:54.114634 [debug] [MainThread]: Sending event: {'category': 'dbt', 'action': 'load_project', 'label': '7ec79f3a-1b4b-4a92-a6d1-c8f83730e3b1', 'context': [<snowplow_tracker.self_describing_json.SelfDescribingJson object at 0xffff5b4f62a0>]}
[0m21:02:54.182328 [debug] [MainThread]: Wrote artifact WritableManifest to /usr/local/airflow/dbt/target/manifest.json
[0m21:02:54.184319 [debug] [MainThread]: Wrote artifact SemanticManifest to /usr/local/airflow/dbt/target/semantic_manifest.json
[0m21:02:54.208593 [debug] [MainThread]: Sending event: {'category': 'dbt', 'action': 'resource_counts', 'label': '7ec79f3a-1b4b-4a92-a6d1-c8f83730e3b1', 'context': [<snowplow_tracker.self_describing_json.SelfDescribingJson object at 0xffff5b4850a0>]}
[0m21:02:54.208991 [info ] [MainThread]: Found 2 models, 22 data tests, 6 sources, 656 macros
[0m21:02:54.209415 [debug] [MainThread]: Sending event: {'category': 'dbt', 'action': 'runnable_timing', 'label': '7ec79f3a-1b4b-4a92-a6d1-c8f83730e3b1', 'context': [<snowplow_tracker.self_describing_json.SelfDescribingJson object at 0xffff5b484da0>]}
[0m21:02:54.212798 [info ] [MainThread]: 
[0m21:02:54.213096 [info ] [MainThread]: Concurrency: 4 threads (target='bigquery')
[0m21:02:54.213302 [info ] [MainThread]: 
[0m21:02:54.213685 [debug] [MainThread]: Acquiring new bigquery connection 'master'
[0m21:02:54.216031 [debug] [ThreadPool]: Acquiring new bigquery connection 'list_genuine-arena-458814-u7'
[0m21:02:54.216376 [debug] [ThreadPool]: Opening a new connection, currently in state init
[0m21:02:54.216647 [debug] [ThreadPool]: Acquiring new bigquery connection 'list_genuine-arena-458814-u7'
[0m21:02:54.217155 [debug] [ThreadPool]: Opening a new connection, currently in state init
[0m21:02:55.258027 [debug] [ThreadPool]: Re-using an available connection from the pool (formerly list_genuine-arena-458814-u7, now list_genuine-arena-458814-u7_books_clean_stg)
[0m21:02:55.259348 [debug] [ThreadPool]: Opening a new connection, currently in state closed
[0m21:02:55.260774 [debug] [ThreadPool]: Re-using an available connection from the pool (formerly list_genuine-arena-458814-u7, now list_genuine-arena-458814-u7_dbt_dataset)
[0m21:02:55.262019 [debug] [ThreadPool]: Opening a new connection, currently in state closed
[0m21:02:56.523456 [debug] [MainThread]: Sending event: {'category': 'dbt', 'action': 'runnable_timing', 'label': '7ec79f3a-1b4b-4a92-a6d1-c8f83730e3b1', 'context': [<snowplow_tracker.self_describing_json.SelfDescribingJson object at 0xffff6502f650>]}
[0m21:02:56.524887 [debug] [MainThread]: Opening a new connection, currently in state init
[0m21:02:56.585557 [debug] [Thread-1 (]: Began running node model.airflow_dbt_project.books_clean_stg
[0m21:02:56.585881 [debug] [Thread-2 (]: Began running node model.airflow_dbt_project.my_bigquery_model
[0m21:02:56.586708 [info ] [Thread-2 (]: 2 of 2 START sql table model dbt_dataset.my_bigquery_model ..................... [RUN]
[0m21:02:56.586295 [info ] [Thread-1 (]: 1 of 2 START sql table model books_clean_stg.books_clean_stg ................... [RUN]
[0m21:02:56.587432 [debug] [Thread-1 (]: Re-using an available connection from the pool (formerly list_genuine-arena-458814-u7_dbt_dataset, now model.airflow_dbt_project.books_clean_stg)
[0m21:02:56.587116 [debug] [Thread-2 (]: Re-using an available connection from the pool (formerly list_genuine-arena-458814-u7_books_clean_stg, now model.airflow_dbt_project.my_bigquery_model)
[0m21:02:56.587934 [debug] [Thread-2 (]: Began compiling node model.airflow_dbt_project.my_bigquery_model
[0m21:02:56.587725 [debug] [Thread-1 (]: Began compiling node model.airflow_dbt_project.books_clean_stg
[0m21:02:56.595623 [debug] [Thread-1 (]: Writing injected SQL for node "model.airflow_dbt_project.books_clean_stg"
[0m21:02:56.593890 [debug] [Thread-2 (]: Writing injected SQL for node "model.airflow_dbt_project.my_bigquery_model"
[0m21:02:56.598388 [debug] [Thread-2 (]: Began executing node model.airflow_dbt_project.my_bigquery_model
[0m21:02:56.598617 [debug] [Thread-1 (]: Began executing node model.airflow_dbt_project.books_clean_stg
[0m21:02:56.606206 [debug] [Thread-2 (]: Opening a new connection, currently in state closed
[0m21:02:56.607390 [debug] [Thread-1 (]: Opening a new connection, currently in state closed
[0m21:02:57.632083 [debug] [Thread-2 (]: Writing runtime sql for node "model.airflow_dbt_project.my_bigquery_model"
[0m21:02:57.635004 [debug] [Thread-2 (]: On model.airflow_dbt_project.my_bigquery_model: /* {"app": "dbt", "dbt_version": "1.11.8", "profile_name": "default", "target_name": "bigquery", "node_id": "model.airflow_dbt_project.my_bigquery_model"} */

  
    

    create or replace table `genuine-arena-458814-u7`.`dbt_dataset`.`my_bigquery_model`
      
    
    

    
    OPTIONS()
    as (
      

select
  id,
  department
from `genuine-arena-458814-u7`.`demo_dataset`.`employees`
    );
  
[0m21:02:57.687684 [debug] [Thread-1 (]: Writing runtime sql for node "model.airflow_dbt_project.books_clean_stg"
[0m21:02:57.689770 [debug] [Thread-1 (]: On model.airflow_dbt_project.books_clean_stg: /* {"app": "dbt", "dbt_version": "1.11.8", "profile_name": "default", "target_name": "bigquery", "node_id": "model.airflow_dbt_project.books_clean_stg"} */

  
    

    create or replace table `genuine-arena-458814-u7`.`books_clean_stg`.`books_clean_stg`
      
    
    

    
    OPTIONS()
    as (
      

SELECT
    ISBN AS isbn,
    `Book-Title` AS book_title,
    `Book-Author` AS book_author,
    `Year-Of-Publication` AS year_of_publication,
    Publisher AS publisher,
    `Image-URL-S` AS image_url_s,
    `Image-URL-M` AS image_url_m,
    `Image-URL-L` AS image_url_l
 FROM `genuine-arena-458814-u7`.`book_dataset_stg`.`books`
    );
  
[0m21:02:58.525710 [debug] [Thread-2 (]: BigQuery adapter: https://console.cloud.google.com/bigquery?project=genuine-arena-458814-u7&j=bq:EU:6ef1b9e4-efb8-4fc2-ada7-4d1d68231109&page=queryresults
[0m21:02:59.028824 [debug] [Thread-1 (]: BigQuery adapter: https://console.cloud.google.com/bigquery?project=genuine-arena-458814-u7&j=bq:EU:f5faaa81-9112-4216-84d1-a8784a4f8f49&page=queryresults
[0m21:03:00.673905 [debug] [Thread-2 (]: SQL status: OK in 2.144 seconds
[0m21:03:01.434285 [debug] [Thread-2 (]: Sending event: {'category': 'dbt', 'action': 'run_model', 'label': '7ec79f3a-1b4b-4a92-a6d1-c8f83730e3b1', 'context': [<snowplow_tracker.self_describing_json.SelfDescribingJson object at 0xffff7e0307a0>]}
[0m21:03:01.435394 [info ] [Thread-2 (]: 2 of 2 OK created sql table model dbt_dataset.my_bigquery_model ................ [[32mCREATE TABLE (2.0 rows, 29.0 Bytes processed)[0m in 4.84s]
[0m21:03:01.436470 [debug] [Thread-2 (]: Finished running node model.airflow_dbt_project.my_bigquery_model
[0m21:03:03.361174 [debug] [Thread-1 (]: SQL status: OK in 4.329 seconds
[0m21:03:03.953137 [debug] [Thread-1 (]: Sending event: {'category': 'dbt', 'action': 'run_model', 'label': '7ec79f3a-1b4b-4a92-a6d1-c8f83730e3b1', 'context': [<snowplow_tracker.self_describing_json.SelfDescribingJson object at 0xffff5b35c680>]}
[0m21:03:03.954161 [info ] [Thread-1 (]: 1 of 2 OK created sql table model books_clean_stg.books_clean_stg .............. [[32mCREATE TABLE (271.4k rows, 72.4 MiB processed)[0m in 7.36s]
[0m21:03:03.955165 [debug] [Thread-1 (]: Finished running node model.airflow_dbt_project.books_clean_stg
[0m21:03:03.958703 [debug] [MainThread]: Opening a new connection, currently in state closed
[0m21:03:04.005205 [debug] [MainThread]: Connection 'master' was properly closed.
[0m21:03:04.005451 [debug] [MainThread]: Connection 'model.airflow_dbt_project.my_bigquery_model' was properly closed.
[0m21:03:04.005671 [debug] [MainThread]: Connection 'model.airflow_dbt_project.books_clean_stg' was properly closed.
[0m21:03:04.005958 [info ] [MainThread]: 
[0m21:03:04.006207 [info ] [MainThread]: Finished running 2 table models in 0 hours 0 minutes and 9.79 seconds (9.79s).
[0m21:03:04.006692 [debug] [MainThread]: Command end result
[0m21:03:04.034527 [debug] [MainThread]: Wrote artifact WritableManifest to /usr/local/airflow/dbt/target/manifest.json
[0m21:03:04.035989 [debug] [MainThread]: Wrote artifact SemanticManifest to /usr/local/airflow/dbt/target/semantic_manifest.json
[0m21:03:04.039170 [debug] [MainThread]: Wrote artifact RunExecutionResult to /usr/local/airflow/dbt/target/run_results.json
[0m21:03:04.039366 [info ] [MainThread]: 
[0m21:03:04.039582 [info ] [MainThread]: [32mCompleted successfully[0m
[0m21:03:04.039762 [info ] [MainThread]: 
[0m21:03:04.039986 [info ] [MainThread]: Done. PASS=2 WARN=0 ERROR=0 SKIP=0 NO-OP=0 TOTAL=2
[0m21:03:04.040527 [debug] [MainThread]: Resource report: {"command_name": "run", "command_success": true, "command_wall_clock_time": 13.46816, "process_in_blocks": "24824", "process_kernel_time": 1.66449, "process_mem_max_rss": "259632", "process_out_blocks": "4721", "process_user_time": 5.863169}
[0m21:03:04.040816 [debug] [MainThread]: Command `dbt run` succeeded at 21:03:04.040767 after 13.47 seconds
[0m21:03:04.041092 [debug] [MainThread]: Sending event: {'category': 'dbt', 'action': 'invocation', 'label': 'end', 'context': [<snowplow_tracker.self_describing_json.SelfDescribingJson object at 0xffff81850ce0>, <snowplow_tracker.self_describing_json.SelfDescribingJson object at 0xffff645192e0>, <snowplow_tracker.self_describing_json.SelfDescribingJson object at 0xffff64519100>]}
[0m21:03:04.041301 [debug] [MainThread]: Flushing usage events
[0m21:03:05.080396 [debug] [MainThread]: An error was encountered while trying to flush usage events
[0m21:03:08.290052 [debug] [MainThread]: Sending event: {'category': 'dbt', 'action': 'invocation', 'label': 'start', 'context': [<snowplow_tracker.self_describing_json.SelfDescribingJson object at 0xffff88f90d70>, <snowplow_tracker.self_describing_json.SelfDescribingJson object at 0xffff88eb9f70>, <snowplow_tracker.self_describing_json.SelfDescribingJson object at 0xffff88f74890>]}


============================== 21:03:08.367160 | f88f1c73-6efb-4f76-b03f-43c60ab2b061 ==============================
[0m21:03:08.367160 [info ] [MainThread]: Running with dbt=1.11.8
[0m21:03:08.367571 [debug] [MainThread]: running dbt with arguments {'write_json': 'True', 'quiet': 'False', 'indirect_selection': 'eager', 'version_check': 'True', 'use_colors': 'True', 'printer_width': '80', 'log_path': '/usr/local/airflow/dbt/logs', 'send_anonymous_usage_stats': 'True', 'log_format': 'default', 'invocation_command': 'dbt test --select tag:bigquery --profiles-dir . --target bigquery', 'no_print': 'None', 'partial_parse': 'True', 'fail_fast': 'False', 'static_parser': 'True', 'cache_selected_only': 'False', 'log_cache_events': 'False', 'profiles_dir': '.', 'empty': 'None', 'warn_error': 'None', 'debug': 'False', 'use_experimental_parser': 'False', 'introspect': 'True', 'warn_error_options': 'WarnErrorOptionsV2(error=[], warn=[], silence=[])', 'target_path': 'None'}
[0m21:03:09.325238 [debug] [MainThread]: Sending event: {'category': 'dbt', 'action': 'project_id', 'label': 'f88f1c73-6efb-4f76-b03f-43c60ab2b061', 'context': [<snowplow_tracker.self_describing_json.SelfDescribingJson object at 0xffff7003c6b0>]}
[0m21:03:09.353751 [debug] [MainThread]: Sending event: {'category': 'dbt', 'action': 'adapter_info', 'label': 'f88f1c73-6efb-4f76-b03f-43c60ab2b061', 'context': [<snowplow_tracker.self_describing_json.SelfDescribingJson object at 0xffff881233b0>]}
[0m21:03:09.354195 [info ] [MainThread]: Registered adapter: bigquery=1.11.1
[0m21:03:09.417843 [debug] [MainThread]: checksum: 37c4db928af9891f5e0dd258519df63812471ab9c4e0367d3c9f4eec932aedf1, vars: {}, profile: , target: bigquery, version: 1.11.8
[0m21:03:09.567477 [debug] [MainThread]: Partial parsing enabled: 0 files deleted, 0 files added, 0 files changed.
[0m21:03:09.567882 [debug] [MainThread]: Nothing changed, skipping partial parsing.
[0m21:03:09.568118 [debug] [MainThread]: Partial parsing enabled, no changes found, skipping parsing
[0m21:03:09.592351 [debug] [MainThread]: Sending event: {'category': 'dbt', 'action': 'load_project', 'label': 'f88f1c73-6efb-4f76-b03f-43c60ab2b061', 'context': [<snowplow_tracker.self_describing_json.SelfDescribingJson object at 0xffff6fb43ce0>]}
[0m21:03:09.653222 [debug] [MainThread]: Wrote artifact WritableManifest to /usr/local/airflow/dbt/target/manifest.json
[0m21:03:09.654971 [debug] [MainThread]: Wrote artifact SemanticManifest to /usr/local/airflow/dbt/target/semantic_manifest.json
[0m21:03:09.772223 [debug] [MainThread]: Sending event: {'category': 'dbt', 'action': 'resource_counts', 'label': 'f88f1c73-6efb-4f76-b03f-43c60ab2b061', 'context': [<snowplow_tracker.self_describing_json.SelfDescribingJson object at 0xffff6f690f50>]}
[0m21:03:09.772743 [info ] [MainThread]: Found 2 models, 22 data tests, 6 sources, 656 macros
[0m21:03:09.773052 [debug] [MainThread]: Sending event: {'category': 'dbt', 'action': 'runnable_timing', 'label': 'f88f1c73-6efb-4f76-b03f-43c60ab2b061', 'context': [<snowplow_tracker.self_describing_json.SelfDescribingJson object at 0xffff6fff8aa0>]}
[0m21:03:09.774491 [info ] [MainThread]: 
[0m21:03:09.774756 [info ] [MainThread]: Concurrency: 4 threads (target='bigquery')
[0m21:03:09.774987 [info ] [MainThread]: 
[0m21:03:09.775557 [debug] [MainThread]: Acquiring new bigquery connection 'master'
[0m21:03:09.776511 [debug] [ThreadPool]: Acquiring new bigquery connection 'list_genuine-arena-458814-u7_books_clean_stg'
[0m21:03:09.776802 [debug] [ThreadPool]: Opening a new connection, currently in state init
[0m21:03:09.777094 [debug] [ThreadPool]: Acquiring new bigquery connection 'list_genuine-arena-458814-u7_dbt_dataset'
[0m21:03:09.777573 [debug] [ThreadPool]: Opening a new connection, currently in state init
[0m21:03:10.817230 [debug] [MainThread]: Sending event: {'category': 'dbt', 'action': 'runnable_timing', 'label': 'f88f1c73-6efb-4f76-b03f-43c60ab2b061', 'context': [<snowplow_tracker.self_describing_json.SelfDescribingJson object at 0xffff89bde630>]}
[0m21:03:10.818421 [debug] [MainThread]: Opening a new connection, currently in state init
[0m21:03:10.874525 [debug] [Thread-1 (]: Began running node test.airflow_dbt_project.assert_year_of_publication_range
[0m21:03:10.875201 [debug] [Thread-2 (]: Began running node test.airflow_dbt_project.not_null_books_clean_stg_book_author.45f60388a8
[0m21:03:10.875461 [debug] [Thread-3 (]: Began running node test.airflow_dbt_project.not_null_books_clean_stg_book_title.28d0a136d4
[0m21:03:10.875730 [info ] [Thread-1 (]: 1 of 12 START test assert_year_of_publication_range ............................ [RUN]
[0m21:03:10.876049 [debug] [Thread-4 (]: Began running node test.airflow_dbt_project.not_null_books_clean_stg_image_url_l.f670af6cab
[0m21:03:10.876323 [info ] [Thread-2 (]: 2 of 12 START test not_null_books_clean_stg_book_author ........................ [RUN]
[0m21:03:10.876634 [info ] [Thread-3 (]: 3 of 12 START test not_null_books_clean_stg_book_title ......................... [RUN]
[0m21:03:10.876958 [debug] [Thread-1 (]: Re-using an available connection from the pool (formerly list_genuine-arena-458814-u7_dbt_dataset, now test.airflow_dbt_project.assert_year_of_publication_range)
[0m21:03:10.877251 [info ] [Thread-4 (]: 4 of 12 START test not_null_books_clean_stg_image_url_l ........................ [RUN]
[0m21:03:10.877528 [debug] [Thread-2 (]: Re-using an available connection from the pool (formerly list_genuine-arena-458814-u7_books_clean_stg, now test.airflow_dbt_project.not_null_books_clean_stg_book_author.45f60388a8)
[0m21:03:10.877859 [debug] [Thread-3 (]: Acquiring new bigquery connection 'test.airflow_dbt_project.not_null_books_clean_stg_book_title.28d0a136d4'
[0m21:03:10.878120 [debug] [Thread-1 (]: Began compiling node test.airflow_dbt_project.assert_year_of_publication_range
[0m21:03:10.878429 [debug] [Thread-4 (]: Acquiring new bigquery connection 'test.airflow_dbt_project.not_null_books_clean_stg_image_url_l.f670af6cab'
[0m21:03:10.878654 [debug] [Thread-2 (]: Began compiling node test.airflow_dbt_project.not_null_books_clean_stg_book_author.45f60388a8
[0m21:03:10.878890 [debug] [Thread-3 (]: Began compiling node test.airflow_dbt_project.not_null_books_clean_stg_book_title.28d0a136d4
[0m21:03:10.885309 [debug] [Thread-1 (]: Writing injected SQL for node "test.airflow_dbt_project.assert_year_of_publication_range"
[0m21:03:10.885580 [debug] [Thread-4 (]: Began compiling node test.airflow_dbt_project.not_null_books_clean_stg_image_url_l.f670af6cab
[0m21:03:10.891672 [debug] [Thread-2 (]: Writing injected SQL for node "test.airflow_dbt_project.not_null_books_clean_stg_book_author.45f60388a8"
[0m21:03:10.894804 [debug] [Thread-3 (]: Writing injected SQL for node "test.airflow_dbt_project.not_null_books_clean_stg_book_title.28d0a136d4"
[0m21:03:10.897222 [debug] [Thread-4 (]: Writing injected SQL for node "test.airflow_dbt_project.not_null_books_clean_stg_image_url_l.f670af6cab"
[0m21:03:10.900581 [debug] [Thread-1 (]: Began executing node test.airflow_dbt_project.assert_year_of_publication_range
[0m21:03:10.912532 [debug] [Thread-1 (]: Writing runtime sql for node "test.airflow_dbt_project.assert_year_of_publication_range"
[0m21:03:10.913031 [debug] [Thread-3 (]: Began executing node test.airflow_dbt_project.not_null_books_clean_stg_book_title.28d0a136d4
[0m21:03:10.913297 [debug] [Thread-2 (]: Began executing node test.airflow_dbt_project.not_null_books_clean_stg_book_author.45f60388a8
[0m21:03:10.913528 [debug] [Thread-4 (]: Began executing node test.airflow_dbt_project.not_null_books_clean_stg_image_url_l.f670af6cab
[0m21:03:10.915159 [debug] [Thread-3 (]: Writing runtime sql for node "test.airflow_dbt_project.not_null_books_clean_stg_book_title.28d0a136d4"
[0m21:03:10.916593 [debug] [Thread-2 (]: Writing runtime sql for node "test.airflow_dbt_project.not_null_books_clean_stg_book_author.45f60388a8"
[0m21:03:10.917891 [debug] [Thread-4 (]: Writing runtime sql for node "test.airflow_dbt_project.not_null_books_clean_stg_image_url_l.f670af6cab"
[0m21:03:10.918448 [debug] [Thread-1 (]: On test.airflow_dbt_project.assert_year_of_publication_range: /* {"app": "dbt", "dbt_version": "1.11.8", "profile_name": "default", "target_name": "bigquery", "node_id": "test.airflow_dbt_project.assert_year_of_publication_range"} */

    
    select
      count(*) as failures,
      count(*) != 0 as should_warn,
      count(*) != 0 as should_error
    from (
      
    
  
 
SELECT *
FROM `genuine-arena-458814-u7`.`books_clean_stg`.`books_clean_stg`
WHERE SAFE_CAST(year_of_publication AS INT64) NOT BETWEEN 1000 AND 2025
  AND year_of_publication IS NOT NULL
  
  
      
    ) dbt_internal_test
[0m21:03:10.918886 [debug] [Thread-1 (]: Opening a new connection, currently in state closed
[0m21:03:10.954364 [debug] [Thread-3 (]: On test.airflow_dbt_project.not_null_books_clean_stg_book_title.28d0a136d4: /* {"app": "dbt", "dbt_version": "1.11.8", "profile_name": "default", "target_name": "bigquery", "node_id": "test.airflow_dbt_project.not_null_books_clean_stg_book_title.28d0a136d4"} */

    
    select
      count(*) as failures,
      count(*) != 0 as should_warn,
      count(*) != 0 as should_error
    from (
      
    
  
    
    



select book_title
from `genuine-arena-458814-u7`.`books_clean_stg`.`books_clean_stg`
where book_title is null



  
  
      
    ) dbt_internal_test
[0m21:03:10.954681 [debug] [Thread-3 (]: Opening a new connection, currently in state init
[0m21:03:10.954926 [debug] [Thread-4 (]: On test.airflow_dbt_project.not_null_books_clean_stg_image_url_l.f670af6cab: /* {"app": "dbt", "dbt_version": "1.11.8", "profile_name": "default", "target_name": "bigquery", "node_id": "test.airflow_dbt_project.not_null_books_clean_stg_image_url_l.f670af6cab"} */

    
    select
      count(*) as failures,
      count(*) != 0 as should_warn,
      count(*) != 0 as should_error
    from (
      
    
  
    
    



select image_url_l
from `genuine-arena-458814-u7`.`books_clean_stg`.`books_clean_stg`
where image_url_l is null



  
  
      
    ) dbt_internal_test
[0m21:03:10.955572 [debug] [Thread-2 (]: On test.airflow_dbt_project.not_null_books_clean_stg_book_author.45f60388a8: /* {"app": "dbt", "dbt_version": "1.11.8", "profile_name": "default", "target_name": "bigquery", "node_id": "test.airflow_dbt_project.not_null_books_clean_stg_book_author.45f60388a8"} */

    
    select
      count(*) as failures,
      count(*) != 0 as should_warn,
      count(*) != 0 as should_error
    from (
      
    
  
    
    



select book_author
from `genuine-arena-458814-u7`.`books_clean_stg`.`books_clean_stg`
where book_author is null



  
  
      
    ) dbt_internal_test
[0m21:03:10.956098 [debug] [Thread-4 (]: Opening a new connection, currently in state init
[0m21:03:10.991776 [debug] [Thread-2 (]: Opening a new connection, currently in state closed
[0m21:03:12.230215 [debug] [Thread-3 (]: BigQuery adapter: https://console.cloud.google.com/bigquery?project=genuine-arena-458814-u7&j=bq:EU:c27e87b4-1688-4e7e-821b-61e8b9de5eef&page=queryresults
[0m21:03:12.249429 [debug] [Thread-1 (]: BigQuery adapter: https://console.cloud.google.com/bigquery?project=genuine-arena-458814-u7&j=bq:EU:eccd1a17-47f1-405f-9796-02cdeaa3d7e5&page=queryresults
[0m21:03:12.256362 [debug] [Thread-2 (]: BigQuery adapter: https://console.cloud.google.com/bigquery?project=genuine-arena-458814-u7&j=bq:EU:209924b4-5a26-4c9c-9aa2-e3eb94d2d1ab&page=queryresults
[0m21:03:12.726844 [debug] [Thread-1 (]: SQL status: OK in 0.476 seconds
[0m21:03:12.738216 [debug] [Thread-2 (]: SQL status: OK in 0.481 seconds
[0m21:03:12.755246 [debug] [Thread-3 (]: SQL status: OK in 0.523 seconds
[0m21:03:13.054928 [debug] [Thread-4 (]: BigQuery adapter: https://console.cloud.google.com/bigquery?project=genuine-arena-458814-u7&j=bq:EU:c6ef158d-fd42-4ae0-ba99-db9be0b7fd1e&page=queryresults
[0m21:03:13.567451 [debug] [Thread-4 (]: SQL status: OK in 0.511 seconds
[0m21:03:13.771561 [warn ] [Thread-2 (]: 2 of 12 WARN 1 not_null_books_clean_stg_book_author ............................ [[33mWARN 1[0m in 2.89s]
[0m21:03:13.777503 [warn ] [Thread-1 (]: 1 of 12 WARN 4630 assert_year_of_publication_range ............................. [[33mWARN 4630[0m in 2.90s]
[0m21:03:13.778922 [debug] [Thread-2 (]: Finished running node test.airflow_dbt_project.not_null_books_clean_stg_book_author.45f60388a8
[0m21:03:13.780071 [debug] [Thread-1 (]: Finished running node test.airflow_dbt_project.assert_year_of_publication_range
[0m21:03:13.780993 [debug] [Thread-2 (]: Began running node test.airflow_dbt_project.not_null_books_clean_stg_image_url_m.7e8179323c
[0m21:03:13.782304 [debug] [Thread-1 (]: Began running node test.airflow_dbt_project.not_null_books_clean_stg_image_url_s.d54f0e3e73
[0m21:03:13.783302 [info ] [Thread-2 (]: 5 of 12 START test not_null_books_clean_stg_image_url_m ........................ [RUN]
[0m21:03:13.784044 [info ] [Thread-1 (]: 6 of 12 START test not_null_books_clean_stg_image_url_s ........................ [RUN]
[0m21:03:13.785061 [debug] [Thread-2 (]: Re-using an available connection from the pool (formerly test.airflow_dbt_project.not_null_books_clean_stg_book_author.45f60388a8, now test.airflow_dbt_project.not_null_books_clean_stg_image_url_m.7e8179323c)
[0m21:03:13.785727 [debug] [Thread-1 (]: Re-using an available connection from the pool (formerly test.airflow_dbt_project.assert_year_of_publication_range, now test.airflow_dbt_project.not_null_books_clean_stg_image_url_s.d54f0e3e73)
[0m21:03:13.786312 [debug] [Thread-2 (]: Began compiling node test.airflow_dbt_project.not_null_books_clean_stg_image_url_m.7e8179323c
[0m21:03:13.786872 [debug] [Thread-1 (]: Began compiling node test.airflow_dbt_project.not_null_books_clean_stg_image_url_s.d54f0e3e73
[0m21:03:13.793970 [debug] [Thread-2 (]: Writing injected SQL for node "test.airflow_dbt_project.not_null_books_clean_stg_image_url_m.7e8179323c"
[0m21:03:13.799936 [debug] [Thread-1 (]: Writing injected SQL for node "test.airflow_dbt_project.not_null_books_clean_stg_image_url_s.d54f0e3e73"
[0m21:03:13.802414 [debug] [Thread-1 (]: Began executing node test.airflow_dbt_project.not_null_books_clean_stg_image_url_s.d54f0e3e73
[0m21:03:13.805034 [debug] [Thread-1 (]: Writing runtime sql for node "test.airflow_dbt_project.not_null_books_clean_stg_image_url_s.d54f0e3e73"
[0m21:03:13.805894 [debug] [Thread-2 (]: Began executing node test.airflow_dbt_project.not_null_books_clean_stg_image_url_m.7e8179323c
[0m21:03:13.809554 [debug] [Thread-2 (]: Writing runtime sql for node "test.airflow_dbt_project.not_null_books_clean_stg_image_url_m.7e8179323c"
[0m21:03:13.810574 [debug] [Thread-1 (]: On test.airflow_dbt_project.not_null_books_clean_stg_image_url_s.d54f0e3e73: /* {"app": "dbt", "dbt_version": "1.11.8", "profile_name": "default", "target_name": "bigquery", "node_id": "test.airflow_dbt_project.not_null_books_clean_stg_image_url_s.d54f0e3e73"} */

    
    select
      count(*) as failures,
      count(*) != 0 as should_warn,
      count(*) != 0 as should_error
    from (
      
    
  
    
    



select image_url_s
from `genuine-arena-458814-u7`.`books_clean_stg`.`books_clean_stg`
where image_url_s is null



  
  
      
    ) dbt_internal_test
[0m21:03:13.811921 [debug] [Thread-1 (]: Opening a new connection, currently in state closed
[0m21:03:13.814276 [debug] [Thread-2 (]: On test.airflow_dbt_project.not_null_books_clean_stg_image_url_m.7e8179323c: /* {"app": "dbt", "dbt_version": "1.11.8", "profile_name": "default", "target_name": "bigquery", "node_id": "test.airflow_dbt_project.not_null_books_clean_stg_image_url_m.7e8179323c"} */

    
    select
      count(*) as failures,
      count(*) != 0 as should_warn,
      count(*) != 0 as should_error
    from (
      
    
  
    
    



select image_url_m
from `genuine-arena-458814-u7`.`books_clean_stg`.`books_clean_stg`
where image_url_m is null



  
  
      
    ) dbt_internal_test
[0m21:03:13.817260 [debug] [Thread-2 (]: Opening a new connection, currently in state closed
[0m21:03:13.858375 [info ] [Thread-3 (]: 3 of 12 PASS not_null_books_clean_stg_book_title ............................... [[32mPASS[0m in 2.98s]
[0m21:03:13.859770 [debug] [Thread-3 (]: Finished running node test.airflow_dbt_project.not_null_books_clean_stg_book_title.28d0a136d4
[0m21:03:13.906980 [debug] [Thread-3 (]: Began running node test.airflow_dbt_project.not_null_books_clean_stg_isbn.5331818570
[0m21:03:13.907638 [info ] [Thread-3 (]: 7 of 12 START test not_null_books_clean_stg_isbn ............................... [RUN]
[0m21:03:13.908268 [debug] [Thread-3 (]: Re-using an available connection from the pool (formerly test.airflow_dbt_project.not_null_books_clean_stg_book_title.28d0a136d4, now test.airflow_dbt_project.not_null_books_clean_stg_isbn.5331818570)
[0m21:03:13.908870 [debug] [Thread-3 (]: Began compiling node test.airflow_dbt_project.not_null_books_clean_stg_isbn.5331818570
[0m21:03:13.912840 [debug] [Thread-3 (]: Writing injected SQL for node "test.airflow_dbt_project.not_null_books_clean_stg_isbn.5331818570"
[0m21:03:13.913755 [debug] [Thread-3 (]: Began executing node test.airflow_dbt_project.not_null_books_clean_stg_isbn.5331818570
[0m21:03:13.916475 [debug] [Thread-3 (]: Writing runtime sql for node "test.airflow_dbt_project.not_null_books_clean_stg_isbn.5331818570"
[0m21:03:13.917083 [debug] [Thread-3 (]: On test.airflow_dbt_project.not_null_books_clean_stg_isbn.5331818570: /* {"app": "dbt", "dbt_version": "1.11.8", "profile_name": "default", "target_name": "bigquery", "node_id": "test.airflow_dbt_project.not_null_books_clean_stg_isbn.5331818570"} */

    
    select
      count(*) as failures,
      count(*) != 0 as should_warn,
      count(*) != 0 as should_error
    from (
      
    
  
    
    



select isbn
from `genuine-arena-458814-u7`.`books_clean_stg`.`books_clean_stg`
where isbn is null



  
  
      
    ) dbt_internal_test
[0m21:03:13.917328 [debug] [Thread-3 (]: Opening a new connection, currently in state closed
[0m21:03:14.603777 [info ] [Thread-4 (]: 4 of 12 PASS not_null_books_clean_stg_image_url_l .............................. [[32mPASS[0m in 3.72s]
[0m21:03:14.605858 [debug] [Thread-4 (]: Finished running node test.airflow_dbt_project.not_null_books_clean_stg_image_url_l.f670af6cab
[0m21:03:14.606857 [debug] [Thread-4 (]: Began running node test.airflow_dbt_project.not_null_books_clean_stg_publisher.cb65a3e14d
[0m21:03:14.607703 [info ] [Thread-4 (]: 8 of 12 START test not_null_books_clean_stg_publisher .......................... [RUN]
[0m21:03:14.608663 [debug] [Thread-4 (]: Re-using an available connection from the pool (formerly test.airflow_dbt_project.not_null_books_clean_stg_image_url_l.f670af6cab, now test.airflow_dbt_project.not_null_books_clean_stg_publisher.cb65a3e14d)
[0m21:03:14.609421 [debug] [Thread-4 (]: Began compiling node test.airflow_dbt_project.not_null_books_clean_stg_publisher.cb65a3e14d
[0m21:03:14.617765 [debug] [Thread-4 (]: Writing injected SQL for node "test.airflow_dbt_project.not_null_books_clean_stg_publisher.cb65a3e14d"
[0m21:03:14.619697 [debug] [Thread-4 (]: Began executing node test.airflow_dbt_project.not_null_books_clean_stg_publisher.cb65a3e14d
[0m21:03:14.623093 [debug] [Thread-4 (]: Writing runtime sql for node "test.airflow_dbt_project.not_null_books_clean_stg_publisher.cb65a3e14d"
[0m21:03:14.624391 [debug] [Thread-4 (]: On test.airflow_dbt_project.not_null_books_clean_stg_publisher.cb65a3e14d: /* {"app": "dbt", "dbt_version": "1.11.8", "profile_name": "default", "target_name": "bigquery", "node_id": "test.airflow_dbt_project.not_null_books_clean_stg_publisher.cb65a3e14d"} */

    
    select
      count(*) as failures,
      count(*) != 0 as should_warn,
      count(*) != 0 as should_error
    from (
      
    
  
    
    



select publisher
from `genuine-arena-458814-u7`.`books_clean_stg`.`books_clean_stg`
where publisher is null



  
  
      
    ) dbt_internal_test
[0m21:03:14.624902 [debug] [Thread-4 (]: Opening a new connection, currently in state closed
[0m21:03:15.116362 [debug] [Thread-3 (]: BigQuery adapter: https://console.cloud.google.com/bigquery?project=genuine-arena-458814-u7&j=bq:EU:76022bb8-3672-4f76-971e-4b2373921a5f&page=queryresults
[0m21:03:15.141217 [debug] [Thread-2 (]: BigQuery adapter: https://console.cloud.google.com/bigquery?project=genuine-arena-458814-u7&j=bq:EU:cc9ec3d4-c7dc-404e-bcd2-37eb4fa22973&page=queryresults
[0m21:03:15.596467 [debug] [Thread-3 (]: SQL status: OK in 0.479 seconds
[0m21:03:15.598043 [debug] [Thread-1 (]: BigQuery adapter: https://console.cloud.google.com/bigquery?project=genuine-arena-458814-u7&j=bq:EU:be00d6f0-b447-4566-9388-8ee392d92b61&page=queryresults
[0m21:03:15.646687 [debug] [Thread-2 (]: SQL status: OK in 0.505 seconds
[0m21:03:16.096511 [debug] [Thread-1 (]: SQL status: OK in 0.495 seconds
[0m21:03:16.485030 [debug] [Thread-4 (]: BigQuery adapter: https://console.cloud.google.com/bigquery?project=genuine-arena-458814-u7&j=bq:EU:575b26c3-920e-4091-b310-e85db0d666da&page=queryresults
[0m21:03:16.647029 [info ] [Thread-3 (]: 7 of 12 PASS not_null_books_clean_stg_isbn ..................................... [[32mPASS[0m in 2.73s]
[0m21:03:16.649212 [debug] [Thread-3 (]: Finished running node test.airflow_dbt_project.not_null_books_clean_stg_isbn.5331818570
[0m21:03:16.650365 [debug] [Thread-3 (]: Began running node test.airflow_dbt_project.not_null_books_clean_stg_year_of_publication.a900795256
[0m21:03:16.651434 [info ] [Thread-3 (]: 9 of 12 START test not_null_books_clean_stg_year_of_publication ................ [RUN]
[0m21:03:16.652531 [debug] [Thread-3 (]: Re-using an available connection from the pool (formerly test.airflow_dbt_project.not_null_books_clean_stg_isbn.5331818570, now test.airflow_dbt_project.not_null_books_clean_stg_year_of_publication.a900795256)
[0m21:03:16.653261 [debug] [Thread-3 (]: Began compiling node test.airflow_dbt_project.not_null_books_clean_stg_year_of_publication.a900795256
[0m21:03:16.668306 [debug] [Thread-3 (]: Writing injected SQL for node "test.airflow_dbt_project.not_null_books_clean_stg_year_of_publication.a900795256"
[0m21:03:16.669975 [debug] [Thread-3 (]: Began executing node test.airflow_dbt_project.not_null_books_clean_stg_year_of_publication.a900795256
[0m21:03:16.672678 [debug] [Thread-3 (]: Writing runtime sql for node "test.airflow_dbt_project.not_null_books_clean_stg_year_of_publication.a900795256"
[0m21:03:16.673776 [debug] [Thread-3 (]: On test.airflow_dbt_project.not_null_books_clean_stg_year_of_publication.a900795256: /* {"app": "dbt", "dbt_version": "1.11.8", "profile_name": "default", "target_name": "bigquery", "node_id": "test.airflow_dbt_project.not_null_books_clean_stg_year_of_publication.a900795256"} */

    
    select
      count(*) as failures,
      count(*) != 0 as should_warn,
      count(*) != 0 as should_error
    from (
      
    
  
    
    



select year_of_publication
from `genuine-arena-458814-u7`.`books_clean_stg`.`books_clean_stg`
where year_of_publication is null



  
  
      
    ) dbt_internal_test
[0m21:03:16.674250 [debug] [Thread-3 (]: Opening a new connection, currently in state closed
[0m21:03:16.775553 [info ] [Thread-2 (]: 5 of 12 PASS not_null_books_clean_stg_image_url_m .............................. [[32mPASS[0m in 2.99s]
[0m21:03:16.778283 [debug] [Thread-2 (]: Finished running node test.airflow_dbt_project.not_null_books_clean_stg_image_url_m.7e8179323c
[0m21:03:16.778634 [debug] [Thread-2 (]: Began running node test.airflow_dbt_project.not_null_my_bigquery_model_department.5ace70b0f3
[0m21:03:16.778914 [info ] [Thread-2 (]: 10 of 12 START test not_null_my_bigquery_model_department ...................... [RUN]
[0m21:03:16.779180 [debug] [Thread-2 (]: Re-using an available connection from the pool (formerly test.airflow_dbt_project.not_null_books_clean_stg_image_url_m.7e8179323c, now test.airflow_dbt_project.not_null_my_bigquery_model_department.5ace70b0f3)
[0m21:03:16.779411 [debug] [Thread-2 (]: Began compiling node test.airflow_dbt_project.not_null_my_bigquery_model_department.5ace70b0f3
[0m21:03:16.782226 [debug] [Thread-2 (]: Writing injected SQL for node "test.airflow_dbt_project.not_null_my_bigquery_model_department.5ace70b0f3"
[0m21:03:16.783926 [debug] [Thread-2 (]: Began executing node test.airflow_dbt_project.not_null_my_bigquery_model_department.5ace70b0f3
[0m21:03:16.786872 [debug] [Thread-2 (]: Writing runtime sql for node "test.airflow_dbt_project.not_null_my_bigquery_model_department.5ace70b0f3"
[0m21:03:16.787875 [debug] [Thread-2 (]: On test.airflow_dbt_project.not_null_my_bigquery_model_department.5ace70b0f3: /* {"app": "dbt", "dbt_version": "1.11.8", "profile_name": "default", "target_name": "bigquery", "node_id": "test.airflow_dbt_project.not_null_my_bigquery_model_department.5ace70b0f3"} */

    
    select
      count(*) as failures,
      count(*) != 0 as should_warn,
      count(*) != 0 as should_error
    from (
      
    
  
    
    



select department
from `genuine-arena-458814-u7`.`dbt_dataset`.`my_bigquery_model`
where department is null



  
  
      
    ) dbt_internal_test
[0m21:03:16.788173 [debug] [Thread-2 (]: Opening a new connection, currently in state closed
[0m21:03:17.004176 [debug] [Thread-4 (]: SQL status: OK in 0.517 seconds
[0m21:03:17.042994 [info ] [Thread-1 (]: 6 of 12 PASS not_null_books_clean_stg_image_url_s .............................. [[32mPASS[0m in 3.26s]
[0m21:03:17.043652 [debug] [Thread-1 (]: Finished running node test.airflow_dbt_project.not_null_books_clean_stg_image_url_s.d54f0e3e73
[0m21:03:17.044038 [debug] [Thread-1 (]: Began running node test.airflow_dbt_project.not_null_my_bigquery_model_id.ae86caf48d
[0m21:03:17.044360 [info ] [Thread-1 (]: 11 of 12 START test not_null_my_bigquery_model_id .............................. [RUN]
[0m21:03:17.044636 [debug] [Thread-1 (]: Re-using an available connection from the pool (formerly test.airflow_dbt_project.not_null_books_clean_stg_image_url_s.d54f0e3e73, now test.airflow_dbt_project.not_null_my_bigquery_model_id.ae86caf48d)
[0m21:03:17.044864 [debug] [Thread-1 (]: Began compiling node test.airflow_dbt_project.not_null_my_bigquery_model_id.ae86caf48d
[0m21:03:17.047695 [debug] [Thread-1 (]: Writing injected SQL for node "test.airflow_dbt_project.not_null_my_bigquery_model_id.ae86caf48d"
[0m21:03:17.048496 [debug] [Thread-1 (]: Began executing node test.airflow_dbt_project.not_null_my_bigquery_model_id.ae86caf48d
[0m21:03:17.051067 [debug] [Thread-1 (]: Writing runtime sql for node "test.airflow_dbt_project.not_null_my_bigquery_model_id.ae86caf48d"
[0m21:03:17.052928 [debug] [Thread-1 (]: On test.airflow_dbt_project.not_null_my_bigquery_model_id.ae86caf48d: /* {"app": "dbt", "dbt_version": "1.11.8", "profile_name": "default", "target_name": "bigquery", "node_id": "test.airflow_dbt_project.not_null_my_bigquery_model_id.ae86caf48d"} */

    
    select
      count(*) as failures,
      count(*) != 0 as should_warn,
      count(*) != 0 as should_error
    from (
      
    
  
    
    



select id
from `genuine-arena-458814-u7`.`dbt_dataset`.`my_bigquery_model`
where id is null



  
  
      
    ) dbt_internal_test
[0m21:03:17.053204 [debug] [Thread-1 (]: Opening a new connection, currently in state closed
[0m21:03:18.073032 [debug] [Thread-3 (]: BigQuery adapter: https://console.cloud.google.com/bigquery?project=genuine-arena-458814-u7&j=bq:EU:04587a01-1982-40ad-8c3a-32f7e4218bdd&page=queryresults
[0m21:03:18.079152 [warn ] [Thread-4 (]: 8 of 12 WARN 2 not_null_books_clean_stg_publisher .............................. [[33mWARN 2[0m in 3.47s]
[0m21:03:18.080774 [debug] [Thread-4 (]: Finished running node test.airflow_dbt_project.not_null_books_clean_stg_publisher.cb65a3e14d
[0m21:03:18.081196 [debug] [Thread-4 (]: Began running node test.airflow_dbt_project.unique_books_clean_stg_isbn.cf199dc033
[0m21:03:18.081587 [info ] [Thread-4 (]: 12 of 12 START test unique_books_clean_stg_isbn ................................ [RUN]
[0m21:03:18.081996 [debug] [Thread-4 (]: Re-using an available connection from the pool (formerly test.airflow_dbt_project.not_null_books_clean_stg_publisher.cb65a3e14d, now test.airflow_dbt_project.unique_books_clean_stg_isbn.cf199dc033)
[0m21:03:18.082337 [debug] [Thread-4 (]: Began compiling node test.airflow_dbt_project.unique_books_clean_stg_isbn.cf199dc033
[0m21:03:18.091693 [debug] [Thread-4 (]: Writing injected SQL for node "test.airflow_dbt_project.unique_books_clean_stg_isbn.cf199dc033"
[0m21:03:18.093543 [debug] [Thread-2 (]: BigQuery adapter: https://console.cloud.google.com/bigquery?project=genuine-arena-458814-u7&j=bq:EU:82f899f1-c7b9-4956-ac56-ee9ad133483b&page=queryresults
[0m21:03:18.095753 [debug] [Thread-4 (]: Began executing node test.airflow_dbt_project.unique_books_clean_stg_isbn.cf199dc033
[0m21:03:18.100501 [debug] [Thread-4 (]: Writing runtime sql for node "test.airflow_dbt_project.unique_books_clean_stg_isbn.cf199dc033"
[0m21:03:18.102514 [debug] [Thread-4 (]: On test.airflow_dbt_project.unique_books_clean_stg_isbn.cf199dc033: /* {"app": "dbt", "dbt_version": "1.11.8", "profile_name": "default", "target_name": "bigquery", "node_id": "test.airflow_dbt_project.unique_books_clean_stg_isbn.cf199dc033"} */

    
    select
      count(*) as failures,
      count(*) != 0 as should_warn,
      count(*) != 0 as should_error
    from (
      
    
  
    
    

with dbt_test__target as (

  select isbn as unique_field
  from `genuine-arena-458814-u7`.`books_clean_stg`.`books_clean_stg`
  where isbn is not null

)

select
    unique_field,
    count(*) as n_records

from dbt_test__target
group by unique_field
having count(*) > 1



  
  
      
    ) dbt_internal_test
[0m21:03:18.103064 [debug] [Thread-4 (]: Opening a new connection, currently in state closed
[0m21:03:18.528615 [debug] [Thread-1 (]: BigQuery adapter: https://console.cloud.google.com/bigquery?project=genuine-arena-458814-u7&j=bq:EU:e744e1b3-aba0-488b-9a51-1a327a4ec210&page=queryresults
[0m21:03:18.602905 [debug] [Thread-2 (]: SQL status: OK in 0.508 seconds
[0m21:03:18.604217 [debug] [Thread-3 (]: SQL status: OK in 0.525 seconds
[0m21:03:19.100350 [debug] [Thread-1 (]: SQL status: OK in 0.570 seconds
[0m21:03:19.644787 [info ] [Thread-3 (]: 9 of 12 PASS not_null_books_clean_stg_year_of_publication ...................... [[32mPASS[0m in 2.99s]
[0m21:03:19.647651 [debug] [Thread-3 (]: Finished running node test.airflow_dbt_project.not_null_books_clean_stg_year_of_publication.a900795256
[0m21:03:19.756576 [info ] [Thread-2 (]: 10 of 12 PASS not_null_my_bigquery_model_department ............................ [[32mPASS[0m in 2.98s]
[0m21:03:19.757703 [debug] [Thread-2 (]: Finished running node test.airflow_dbt_project.not_null_my_bigquery_model_department.5ace70b0f3
[0m21:03:19.907205 [debug] [Thread-4 (]: BigQuery adapter: https://console.cloud.google.com/bigquery?project=genuine-arena-458814-u7&j=bq:EU:82312a14-a687-4982-a86c-cd6fcaa81ab0&page=queryresults
[0m21:03:20.235355 [info ] [Thread-1 (]: 11 of 12 PASS not_null_my_bigquery_model_id .................................... [[32mPASS[0m in 3.19s]
[0m21:03:20.237519 [debug] [Thread-1 (]: Finished running node test.airflow_dbt_project.not_null_my_bigquery_model_id.ae86caf48d
[0m21:03:20.368900 [debug] [Thread-4 (]: SQL status: OK in 0.460 seconds
[0m21:03:21.434125 [info ] [Thread-4 (]: 12 of 12 PASS unique_books_clean_stg_isbn ...................................... [[32mPASS[0m in 3.35s]
[0m21:03:21.436533 [debug] [Thread-4 (]: Finished running node test.airflow_dbt_project.unique_books_clean_stg_isbn.cf199dc033
[0m21:03:21.445607 [debug] [MainThread]: Opening a new connection, currently in state closed
[0m21:03:21.494467 [debug] [MainThread]: Connection 'master' was properly closed.
[0m21:03:21.494720 [debug] [MainThread]: Connection 'test.airflow_dbt_project.not_null_my_bigquery_model_department.5ace70b0f3' was properly closed.
[0m21:03:21.494977 [debug] [MainThread]: Connection 'test.airflow_dbt_project.not_null_my_bigquery_model_id.ae86caf48d' was properly closed.
[0m21:03:21.495184 [debug] [MainThread]: Connection 'test.airflow_dbt_project.not_null_books_clean_stg_year_of_publication.a900795256' was properly closed.
[0m21:03:21.495381 [debug] [MainThread]: Connection 'test.airflow_dbt_project.unique_books_clean_stg_isbn.cf199dc033' was properly closed.
[0m21:03:21.495713 [info ] [MainThread]: 
[0m21:03:21.496063 [info ] [MainThread]: Finished running 12 data tests in 0 hours 0 minutes and 11.72 seconds (11.72s).
[0m21:03:21.497479 [debug] [MainThread]: Command end result
[0m21:03:21.535838 [debug] [MainThread]: Wrote artifact WritableManifest to /usr/local/airflow/dbt/target/manifest.json
[0m21:03:21.538760 [debug] [MainThread]: Wrote artifact SemanticManifest to /usr/local/airflow/dbt/target/semantic_manifest.json
[0m21:03:21.551186 [debug] [MainThread]: Wrote artifact RunExecutionResult to /usr/local/airflow/dbt/target/run_results.json
[0m21:03:21.551544 [info ] [MainThread]: 
[0m21:03:21.551982 [info ] [MainThread]: [33mCompleted with 3 warnings:[0m
[0m21:03:21.552365 [info ] [MainThread]: 
[0m21:03:21.552803 [warn ] [MainThread]: [33mWarning in test not_null_books_clean_stg_book_author (models/bigquery/books/stg/model_stg.yml)[0m
[0m21:03:21.553187 [warn ] [MainThread]: Got 1 result, configured to warn if != 0
[0m21:03:21.553455 [info ] [MainThread]: 
[0m21:03:21.553740 [info ] [MainThread]:   compiled code at target/compiled/airflow_dbt_project/models/bigquery/books/stg/model_stg.yml/not_null_books_clean_stg_book_author.sql
[0m21:03:21.553966 [info ] [MainThread]: 
[0m21:03:21.554200 [warn ] [MainThread]: [33mWarning in test assert_year_of_publication_range (tests/assert_year_of_publication_range.sql)[0m
[0m21:03:21.554452 [warn ] [MainThread]: Got 4630 results, configured to warn if != 0
[0m21:03:21.554649 [info ] [MainThread]: 
[0m21:03:21.554835 [info ] [MainThread]:   compiled code at target/compiled/airflow_dbt_project/tests/assert_year_of_publication_range.sql
[0m21:03:21.555008 [info ] [MainThread]: 
[0m21:03:21.555272 [warn ] [MainThread]: [33mWarning in test not_null_books_clean_stg_publisher (models/bigquery/books/stg/model_stg.yml)[0m
[0m21:03:21.555483 [warn ] [MainThread]: Got 2 results, configured to warn if != 0
[0m21:03:21.555639 [info ] [MainThread]: 
[0m21:03:21.555810 [info ] [MainThread]:   compiled code at target/compiled/airflow_dbt_project/models/bigquery/books/stg/model_stg.yml/not_null_books_clean_stg_publisher.sql
[0m21:03:21.555987 [info ] [MainThread]: 
[0m21:03:21.556232 [info ] [MainThread]: Done. PASS=9 WARN=3 ERROR=0 SKIP=0 NO-OP=0 TOTAL=12
[0m21:03:21.556976 [debug] [MainThread]: Resource report: {"command_name": "test", "command_success": true, "command_wall_clock_time": 13.295569, "process_in_blocks": "2272", "process_kernel_time": 0.533157, "process_mem_max_rss": "285240", "process_out_blocks": "3297", "process_user_time": 5.314568}
[0m21:03:21.557473 [debug] [MainThread]: Command `dbt test` succeeded at 21:03:21.557385 after 13.30 seconds
[0m21:03:21.557962 [debug] [MainThread]: Sending event: {'category': 'dbt', 'action': 'invocation', 'label': 'end', 'context': [<snowplow_tracker.self_describing_json.SelfDescribingJson object at 0xffff8ad54c50>, <snowplow_tracker.self_describing_json.SelfDescribingJson object at 0xffff8cc07020>, <snowplow_tracker.self_describing_json.SelfDescribingJson object at 0xffff88b6b2f0>]}
[0m21:03:21.558393 [debug] [MainThread]: Flushing usage events
[0m21:03:22.791402 [debug] [MainThread]: An error was encountered while trying to flush usage events
[0m21:03:26.362450 [debug] [MainThread]: Sending event: {'category': 'dbt', 'action': 'invocation', 'label': 'start', 'context': [<snowplow_tracker.self_describing_json.SelfDescribingJson object at 0xffffa7f5e720>, <snowplow_tracker.self_describing_json.SelfDescribingJson object at 0xffffa7d3f920>, <snowplow_tracker.self_describing_json.SelfDescribingJson object at 0xffffa7f5e150>]}


============================== 21:03:26.416663 | 06fdef1c-d0d6-43e0-8974-87ebc26d34ec ==============================
[0m21:03:26.416663 [info ] [MainThread]: Running with dbt=1.11.8
[0m21:03:26.417900 [debug] [MainThread]: running dbt with arguments {'log_path': '/usr/local/airflow/dbt/logs', 'invocation_command': 'dbt docs generate --select tag:bigquery --profiles-dir . --target bigquery', 'target_path': 'None', 'no_print': 'None', 'warn_error_options': 'WarnErrorOptionsV2(error=[], warn=[], silence=[])', 'send_anonymous_usage_stats': 'True', 'log_format': 'default', 'write_json': 'True', 'quiet': 'False', 'empty': 'None', 'fail_fast': 'False', 'indirect_selection': 'eager', 'static_parser': 'True', 'cache_selected_only': 'False', 'log_cache_events': 'False', 'partial_parse': 'True', 'printer_width': '80', 'warn_error': 'None', 'profiles_dir': '.', 'introspect': 'True', 'version_check': 'True', 'use_colors': 'True', 'use_experimental_parser': 'False', 'debug': 'False'}
[0m21:03:27.931947 [debug] [MainThread]: Sending event: {'category': 'dbt', 'action': 'project_id', 'label': '06fdef1c-d0d6-43e0-8974-87ebc26d34ec', 'context': [<snowplow_tracker.self_describing_json.SelfDescribingJson object at 0xffff8f0de9c0>]}
[0m21:03:27.963006 [debug] [MainThread]: Sending event: {'category': 'dbt', 'action': 'adapter_info', 'label': '06fdef1c-d0d6-43e0-8974-87ebc26d34ec', 'context': [<snowplow_tracker.self_describing_json.SelfDescribingJson object at 0xffff8fc41790>]}
[0m21:03:27.963679 [info ] [MainThread]: Registered adapter: bigquery=1.11.1
[0m21:03:28.066751 [debug] [MainThread]: checksum: 37c4db928af9891f5e0dd258519df63812471ab9c4e0367d3c9f4eec932aedf1, vars: {}, profile: , target: bigquery, version: 1.11.8
[0m21:03:28.256839 [debug] [MainThread]: Partial parsing enabled: 0 files deleted, 0 files added, 0 files changed.
[0m21:03:28.257212 [debug] [MainThread]: Nothing changed, skipping partial parsing.
[0m21:03:28.257434 [debug] [MainThread]: Partial parsing enabled, no changes found, skipping parsing
[0m21:03:28.283473 [debug] [MainThread]: Sending event: {'category': 'dbt', 'action': 'load_project', 'label': '06fdef1c-d0d6-43e0-8974-87ebc26d34ec', 'context': [<snowplow_tracker.self_describing_json.SelfDescribingJson object at 0xffff8f51b920>]}
[0m21:03:28.303541 [debug] [MainThread]: Sending event: {'category': 'dbt', 'action': 'resource_counts', 'label': '06fdef1c-d0d6-43e0-8974-87ebc26d34ec', 'context': [<snowplow_tracker.self_describing_json.SelfDescribingJson object at 0xffff8ed3bb60>]}
[0m21:03:28.303889 [info ] [MainThread]: Found 2 models, 22 data tests, 6 sources, 656 macros
[0m21:03:28.304228 [debug] [MainThread]: Sending event: {'category': 'dbt', 'action': 'runnable_timing', 'label': '06fdef1c-d0d6-43e0-8974-87ebc26d34ec', 'context': [<snowplow_tracker.self_describing_json.SelfDescribingJson object at 0xffff8eedfb30>]}
[0m21:03:28.305727 [info ] [MainThread]: 
[0m21:03:28.306126 [info ] [MainThread]: Concurrency: 4 threads (target='bigquery')
[0m21:03:28.306556 [info ] [MainThread]: 
[0m21:03:28.307535 [debug] [MainThread]: Acquiring new bigquery connection 'master'
[0m21:03:28.308978 [debug] [ThreadPool]: Acquiring new bigquery connection 'list_genuine-arena-458814-u7_books_clean_stg'
[0m21:03:28.309373 [debug] [ThreadPool]: Opening a new connection, currently in state init
[0m21:03:28.309697 [debug] [ThreadPool]: Acquiring new bigquery connection 'list_genuine-arena-458814-u7_dbt_dataset'
[0m21:03:28.310124 [debug] [ThreadPool]: Opening a new connection, currently in state init
[0m21:03:29.460746 [debug] [MainThread]: Sending event: {'category': 'dbt', 'action': 'runnable_timing', 'label': '06fdef1c-d0d6-43e0-8974-87ebc26d34ec', 'context': [<snowplow_tracker.self_describing_json.SelfDescribingJson object at 0xffff8f237f20>]}
[0m21:03:29.462433 [debug] [MainThread]: Opening a new connection, currently in state init
[0m21:03:29.514525 [debug] [Thread-1 (]: Began running node model.airflow_dbt_project.books_clean_stg
[0m21:03:29.515398 [debug] [Thread-2 (]: Began running node model.airflow_dbt_project.my_bigquery_model
[0m21:03:29.516382 [debug] [Thread-2 (]: Re-using an available connection from the pool (formerly list_genuine-arena-458814-u7_dbt_dataset, now model.airflow_dbt_project.my_bigquery_model)
[0m21:03:29.515878 [debug] [Thread-1 (]: Re-using an available connection from the pool (formerly list_genuine-arena-458814-u7_books_clean_stg, now model.airflow_dbt_project.books_clean_stg)
[0m21:03:29.517491 [debug] [Thread-1 (]: Began compiling node model.airflow_dbt_project.books_clean_stg
[0m21:03:29.516794 [debug] [Thread-2 (]: Began compiling node model.airflow_dbt_project.my_bigquery_model
[0m21:03:29.538273 [debug] [Thread-2 (]: Writing injected SQL for node "model.airflow_dbt_project.my_bigquery_model"
[0m21:03:29.540211 [debug] [Thread-1 (]: Writing injected SQL for node "model.airflow_dbt_project.books_clean_stg"
[0m21:03:29.541356 [debug] [Thread-2 (]: Began executing node model.airflow_dbt_project.my_bigquery_model
[0m21:03:29.541998 [debug] [Thread-2 (]: Opening a new connection, currently in state closed
[0m21:03:29.541652 [debug] [Thread-1 (]: Began executing node model.airflow_dbt_project.books_clean_stg
[0m21:03:29.542433 [debug] [Thread-1 (]: Opening a new connection, currently in state closed
[0m21:03:29.578999 [debug] [Thread-2 (]: Finished running node model.airflow_dbt_project.my_bigquery_model
[0m21:03:29.618187 [debug] [Thread-1 (]: Finished running node model.airflow_dbt_project.books_clean_stg
[0m21:03:29.619647 [debug] [Thread-4 (]: Began running node test.airflow_dbt_project.assert_year_of_publication_range
[0m21:03:29.619942 [debug] [Thread-3 (]: Began running node test.airflow_dbt_project.not_null_books_clean_stg_book_author.45f60388a8
[0m21:03:29.620215 [debug] [Thread-2 (]: Began running node test.airflow_dbt_project.not_null_books_clean_stg_book_title.28d0a136d4
[0m21:03:29.621541 [debug] [Thread-2 (]: Re-using an available connection from the pool (formerly model.airflow_dbt_project.my_bigquery_model, now test.airflow_dbt_project.not_null_books_clean_stg_book_title.28d0a136d4)
[0m21:03:29.621819 [debug] [Thread-2 (]: Began compiling node test.airflow_dbt_project.not_null_books_clean_stg_book_title.28d0a136d4
[0m21:03:29.621271 [debug] [Thread-3 (]: Acquiring new bigquery connection 'test.airflow_dbt_project.not_null_books_clean_stg_book_author.45f60388a8'
[0m21:03:29.620569 [debug] [Thread-4 (]: Acquiring new bigquery connection 'test.airflow_dbt_project.assert_year_of_publication_range'
[0m21:03:29.620821 [debug] [Thread-1 (]: Began running node test.airflow_dbt_project.not_null_books_clean_stg_image_url_l.f670af6cab
[0m21:03:29.629956 [debug] [Thread-2 (]: Writing injected SQL for node "test.airflow_dbt_project.not_null_books_clean_stg_book_title.28d0a136d4"
[0m21:03:29.630198 [debug] [Thread-3 (]: Began compiling node test.airflow_dbt_project.not_null_books_clean_stg_book_author.45f60388a8
[0m21:03:29.630462 [debug] [Thread-4 (]: Began compiling node test.airflow_dbt_project.assert_year_of_publication_range
[0m21:03:29.630747 [debug] [Thread-1 (]: Re-using an available connection from the pool (formerly model.airflow_dbt_project.books_clean_stg, now test.airflow_dbt_project.not_null_books_clean_stg_image_url_l.f670af6cab)
[0m21:03:29.634364 [debug] [Thread-3 (]: Writing injected SQL for node "test.airflow_dbt_project.not_null_books_clean_stg_book_author.45f60388a8"
[0m21:03:29.637679 [debug] [Thread-4 (]: Writing injected SQL for node "test.airflow_dbt_project.assert_year_of_publication_range"
[0m21:03:29.638039 [debug] [Thread-2 (]: Began executing node test.airflow_dbt_project.not_null_books_clean_stg_book_title.28d0a136d4
[0m21:03:29.638279 [debug] [Thread-1 (]: Began compiling node test.airflow_dbt_project.not_null_books_clean_stg_image_url_l.f670af6cab
[0m21:03:29.638948 [debug] [Thread-2 (]: Opening a new connection, currently in state closed
[0m21:03:29.639262 [debug] [Thread-3 (]: Began executing node test.airflow_dbt_project.not_null_books_clean_stg_book_author.45f60388a8
[0m21:03:29.639669 [debug] [Thread-4 (]: Began executing node test.airflow_dbt_project.assert_year_of_publication_range
[0m21:03:29.641759 [debug] [Thread-1 (]: Writing injected SQL for node "test.airflow_dbt_project.not_null_books_clean_stg_image_url_l.f670af6cab"
[0m21:03:29.642190 [debug] [Thread-3 (]: Opening a new connection, currently in state init
[0m21:03:29.678649 [debug] [Thread-2 (]: Finished running node test.airflow_dbt_project.not_null_books_clean_stg_book_title.28d0a136d4
[0m21:03:29.678940 [debug] [Thread-4 (]: Opening a new connection, currently in state init
[0m21:03:29.679723 [debug] [Thread-2 (]: Began running node test.airflow_dbt_project.not_null_books_clean_stg_image_url_m.7e8179323c
[0m21:03:29.680186 [debug] [Thread-1 (]: Began executing node test.airflow_dbt_project.not_null_books_clean_stg_image_url_l.f670af6cab
[0m21:03:29.715891 [debug] [Thread-3 (]: Finished running node test.airflow_dbt_project.not_null_books_clean_stg_book_author.45f60388a8
[0m21:03:29.716281 [debug] [Thread-2 (]: Re-using an available connection from the pool (formerly test.airflow_dbt_project.not_null_books_clean_stg_book_title.28d0a136d4, now test.airflow_dbt_project.not_null_books_clean_stg_image_url_m.7e8179323c)
[0m21:03:29.750537 [debug] [Thread-4 (]: Finished running node test.airflow_dbt_project.assert_year_of_publication_range
[0m21:03:29.750785 [debug] [Thread-1 (]: Opening a new connection, currently in state closed
[0m21:03:29.751102 [debug] [Thread-3 (]: Began running node test.airflow_dbt_project.not_null_books_clean_stg_image_url_s.d54f0e3e73
[0m21:03:29.751439 [debug] [Thread-2 (]: Began compiling node test.airflow_dbt_project.not_null_books_clean_stg_image_url_m.7e8179323c
[0m21:03:29.751723 [debug] [Thread-4 (]: Began running node test.airflow_dbt_project.not_null_books_clean_stg_isbn.5331818570
[0m21:03:29.752165 [debug] [Thread-3 (]: Re-using an available connection from the pool (formerly test.airflow_dbt_project.not_null_books_clean_stg_book_author.45f60388a8, now test.airflow_dbt_project.not_null_books_clean_stg_image_url_s.d54f0e3e73)
[0m21:03:29.790368 [debug] [Thread-3 (]: Began compiling node test.airflow_dbt_project.not_null_books_clean_stg_image_url_s.d54f0e3e73
[0m21:03:29.789571 [debug] [Thread-4 (]: Re-using an available connection from the pool (formerly test.airflow_dbt_project.assert_year_of_publication_range, now test.airflow_dbt_project.not_null_books_clean_stg_isbn.5331818570)
[0m21:03:29.790201 [debug] [Thread-1 (]: Finished running node test.airflow_dbt_project.not_null_books_clean_stg_image_url_l.f670af6cab
[0m21:03:29.754738 [debug] [Thread-2 (]: Writing injected SQL for node "test.airflow_dbt_project.not_null_books_clean_stg_image_url_m.7e8179323c"
[0m21:03:29.792842 [debug] [Thread-3 (]: Writing injected SQL for node "test.airflow_dbt_project.not_null_books_clean_stg_image_url_s.d54f0e3e73"
[0m21:03:29.793137 [debug] [Thread-4 (]: Began compiling node test.airflow_dbt_project.not_null_books_clean_stg_isbn.5331818570
[0m21:03:29.793419 [debug] [Thread-1 (]: Began running node test.airflow_dbt_project.not_null_books_clean_stg_publisher.cb65a3e14d
[0m21:03:29.796184 [debug] [Thread-4 (]: Writing injected SQL for node "test.airflow_dbt_project.not_null_books_clean_stg_isbn.5331818570"
[0m21:03:29.796576 [debug] [Thread-2 (]: Began executing node test.airflow_dbt_project.not_null_books_clean_stg_image_url_m.7e8179323c
[0m21:03:29.796813 [debug] [Thread-1 (]: Re-using an available connection from the pool (formerly test.airflow_dbt_project.not_null_books_clean_stg_image_url_l.f670af6cab, now test.airflow_dbt_project.not_null_books_clean_stg_publisher.cb65a3e14d)
[0m21:03:29.797670 [debug] [Thread-1 (]: Began compiling node test.airflow_dbt_project.not_null_books_clean_stg_publisher.cb65a3e14d
[0m21:03:29.797403 [debug] [Thread-2 (]: Opening a new connection, currently in state closed
[0m21:03:29.797036 [debug] [Thread-3 (]: Began executing node test.airflow_dbt_project.not_null_books_clean_stg_image_url_s.d54f0e3e73
[0m21:03:29.797989 [debug] [Thread-4 (]: Began executing node test.airflow_dbt_project.not_null_books_clean_stg_isbn.5331818570
[0m21:03:29.800146 [debug] [Thread-1 (]: Writing injected SQL for node "test.airflow_dbt_project.not_null_books_clean_stg_publisher.cb65a3e14d"
[0m21:03:29.800457 [debug] [Thread-3 (]: Opening a new connection, currently in state closed
[0m21:03:29.834786 [debug] [Thread-4 (]: Opening a new connection, currently in state closed
[0m21:03:29.835271 [debug] [Thread-2 (]: Finished running node test.airflow_dbt_project.not_null_books_clean_stg_image_url_m.7e8179323c
[0m21:03:29.835950 [debug] [Thread-1 (]: Began executing node test.airflow_dbt_project.not_null_books_clean_stg_publisher.cb65a3e14d
[0m21:03:29.870901 [debug] [Thread-2 (]: Began running node test.airflow_dbt_project.not_null_books_clean_stg_year_of_publication.a900795256
[0m21:03:29.905790 [debug] [Thread-3 (]: Finished running node test.airflow_dbt_project.not_null_books_clean_stg_image_url_s.d54f0e3e73
[0m21:03:29.905326 [debug] [Thread-4 (]: Finished running node test.airflow_dbt_project.not_null_books_clean_stg_isbn.5331818570
[0m21:03:29.906009 [debug] [Thread-1 (]: Opening a new connection, currently in state closed
[0m21:03:29.906414 [debug] [Thread-2 (]: Re-using an available connection from the pool (formerly test.airflow_dbt_project.not_null_books_clean_stg_image_url_m.7e8179323c, now test.airflow_dbt_project.not_null_books_clean_stg_year_of_publication.a900795256)
[0m21:03:29.907408 [debug] [Thread-2 (]: Began compiling node test.airflow_dbt_project.not_null_books_clean_stg_year_of_publication.a900795256
[0m21:03:29.906999 [debug] [Thread-4 (]: Began running node test.airflow_dbt_project.not_null_my_bigquery_model_id.ae86caf48d
[0m21:03:29.906717 [debug] [Thread-3 (]: Began running node test.airflow_dbt_project.not_null_my_bigquery_model_department.5ace70b0f3
[0m21:03:29.945310 [debug] [Thread-3 (]: Re-using an available connection from the pool (formerly test.airflow_dbt_project.not_null_books_clean_stg_image_url_s.d54f0e3e73, now test.airflow_dbt_project.not_null_my_bigquery_model_department.5ace70b0f3)
[0m21:03:29.944703 [debug] [Thread-1 (]: Finished running node test.airflow_dbt_project.not_null_books_clean_stg_publisher.cb65a3e14d
[0m21:03:29.944970 [debug] [Thread-4 (]: Re-using an available connection from the pool (formerly test.airflow_dbt_project.not_null_books_clean_stg_isbn.5331818570, now test.airflow_dbt_project.not_null_my_bigquery_model_id.ae86caf48d)
[0m21:03:29.909897 [debug] [Thread-2 (]: Writing injected SQL for node "test.airflow_dbt_project.not_null_books_clean_stg_year_of_publication.a900795256"
[0m21:03:29.945573 [debug] [Thread-3 (]: Began compiling node test.airflow_dbt_project.not_null_my_bigquery_model_department.5ace70b0f3
[0m21:03:29.946060 [debug] [Thread-1 (]: Began running node test.airflow_dbt_project.unique_books_clean_stg_isbn.cf199dc033
[0m21:03:29.946387 [debug] [Thread-4 (]: Began compiling node test.airflow_dbt_project.not_null_my_bigquery_model_id.ae86caf48d
[0m21:03:29.950398 [debug] [Thread-3 (]: Writing injected SQL for node "test.airflow_dbt_project.not_null_my_bigquery_model_department.5ace70b0f3"
[0m21:03:29.950883 [debug] [Thread-1 (]: Re-using an available connection from the pool (formerly test.airflow_dbt_project.not_null_books_clean_stg_publisher.cb65a3e14d, now test.airflow_dbt_project.unique_books_clean_stg_isbn.cf199dc033)
[0m21:03:29.955940 [debug] [Thread-4 (]: Writing injected SQL for node "test.airflow_dbt_project.not_null_my_bigquery_model_id.ae86caf48d"
[0m21:03:29.956471 [debug] [Thread-2 (]: Began executing node test.airflow_dbt_project.not_null_books_clean_stg_year_of_publication.a900795256
[0m21:03:29.956909 [debug] [Thread-1 (]: Began compiling node test.airflow_dbt_project.unique_books_clean_stg_isbn.cf199dc033
[0m21:03:29.957335 [debug] [Thread-2 (]: Opening a new connection, currently in state closed
[0m21:03:29.957649 [debug] [Thread-3 (]: Began executing node test.airflow_dbt_project.not_null_my_bigquery_model_department.5ace70b0f3
[0m21:03:29.962920 [debug] [Thread-3 (]: Opening a new connection, currently in state closed
[0m21:03:29.962516 [debug] [Thread-4 (]: Began executing node test.airflow_dbt_project.not_null_my_bigquery_model_id.ae86caf48d
[0m21:03:29.962109 [debug] [Thread-1 (]: Writing injected SQL for node "test.airflow_dbt_project.unique_books_clean_stg_isbn.cf199dc033"
[0m21:03:29.999386 [debug] [Thread-4 (]: Opening a new connection, currently in state closed
[0m21:03:30.000435 [debug] [Thread-2 (]: Finished running node test.airflow_dbt_project.not_null_books_clean_stg_year_of_publication.a900795256
[0m21:03:30.037079 [debug] [Thread-3 (]: Finished running node test.airflow_dbt_project.not_null_my_bigquery_model_department.5ace70b0f3
[0m21:03:30.075735 [debug] [Thread-4 (]: Finished running node test.airflow_dbt_project.not_null_my_bigquery_model_id.ae86caf48d
[0m21:03:30.076040 [debug] [Thread-1 (]: Began executing node test.airflow_dbt_project.unique_books_clean_stg_isbn.cf199dc033
[0m21:03:30.076417 [debug] [Thread-1 (]: Opening a new connection, currently in state closed
[0m21:03:30.111620 [debug] [Thread-1 (]: Finished running node test.airflow_dbt_project.unique_books_clean_stg_isbn.cf199dc033
[0m21:03:30.113324 [debug] [MainThread]: Connection 'master' was properly closed.
[0m21:03:30.113674 [debug] [MainThread]: Connection 'test.airflow_dbt_project.unique_books_clean_stg_isbn.cf199dc033' was properly closed.
[0m21:03:30.113885 [debug] [MainThread]: Connection 'test.airflow_dbt_project.not_null_books_clean_stg_year_of_publication.a900795256' was properly closed.
[0m21:03:30.114081 [debug] [MainThread]: Connection 'test.airflow_dbt_project.not_null_my_bigquery_model_id.ae86caf48d' was properly closed.
[0m21:03:30.114281 [debug] [MainThread]: Connection 'test.airflow_dbt_project.not_null_my_bigquery_model_department.5ace70b0f3' was properly closed.
[0m21:03:30.115796 [debug] [MainThread]: Command end result
[0m21:03:30.241379 [debug] [MainThread]: Wrote artifact WritableManifest to /usr/local/airflow/dbt/target/manifest.json
[0m21:03:30.244648 [debug] [MainThread]: Wrote artifact SemanticManifest to /usr/local/airflow/dbt/target/semantic_manifest.json
[0m21:03:30.249293 [debug] [MainThread]: Wrote artifact RunExecutionResult to /usr/local/airflow/dbt/target/run_results.json
[0m21:03:30.249663 [debug] [MainThread]: Excluded node 'my_bigquery_model' from results
[0m21:03:30.249903 [debug] [MainThread]: Excluded node 'books_clean_stg' from results
[0m21:03:30.250211 [debug] [MainThread]: Excluded node 'not_null_books_clean_stg_book_title' from results
[0m21:03:30.250420 [debug] [MainThread]: Excluded node 'not_null_books_clean_stg_book_author' from results
[0m21:03:30.250678 [debug] [MainThread]: Excluded node 'assert_year_of_publication_range' from results
[0m21:03:30.250887 [debug] [MainThread]: Excluded node 'not_null_books_clean_stg_image_url_l' from results
[0m21:03:30.251201 [debug] [MainThread]: Excluded node 'not_null_books_clean_stg_image_url_m' from results
[0m21:03:30.251531 [debug] [MainThread]: Excluded node 'not_null_books_clean_stg_image_url_s' from results
[0m21:03:30.251749 [debug] [MainThread]: Excluded node 'not_null_books_clean_stg_isbn' from results
[0m21:03:30.252062 [debug] [MainThread]: Excluded node 'not_null_books_clean_stg_publisher' from results
[0m21:03:30.252289 [debug] [MainThread]: Excluded node 'not_null_books_clean_stg_year_of_publication' from results
[0m21:03:30.252458 [debug] [MainThread]: Excluded node 'not_null_my_bigquery_model_department' from results
[0m21:03:30.252642 [debug] [MainThread]: Excluded node 'not_null_my_bigquery_model_id' from results
[0m21:03:30.254316 [debug] [MainThread]: Excluded node 'unique_books_clean_stg_isbn' from results
[0m21:03:30.325294 [debug] [MainThread]: Acquiring new bigquery connection 'generate_catalog'
[0m21:03:30.325784 [info ] [MainThread]: Building catalog
[0m21:03:30.333590 [debug] [ThreadPool]: Acquiring new bigquery connection 'genuine-arena-458814-u7.information_schema'
[0m21:03:30.334596 [debug] [ThreadPool]: Acquiring new bigquery connection 'genuine-arena-458814-u7.information_schema'
[0m21:03:30.368564 [debug] [ThreadPool]: On genuine-arena-458814-u7.information_schema: /* {"app": "dbt", "dbt_version": "1.11.8", "profile_name": "default", "target_name": "bigquery", "connection_name": "genuine-arena-458814-u7.information_schema"} */

    with
                table_shards_stage as (
    select
        tables.project_id as table_catalog,
        tables.dataset_id as table_schema,
        coalesce(REGEXP_EXTRACT(tables.table_id, '^(.+)[0-9]{8}$'), tables.table_id) as table_name,
        tables.table_id as shard_name,
        REGEXP_EXTRACT(tables.table_id, '^.+([0-9]{8})$') as shard_index,
        REGEXP_CONTAINS(tables.table_id, '^.+[0-9]{8}$') and tables.type = 1 as is_date_shard,
        case
            when materialized_views.table_name is not null then 'materialized view'
            when tables.type = 1 then 'table'
            when tables.type = 2 then 'view'
            else 'external'
        end as table_type,
        tables.type = 1 as is_table,
        JSON_VALUE(table_description.option_value) as table_comment,
        tables.size_bytes,
        tables.row_count
    from `genuine-arena-458814-u7`.`dbt_dataset`.__TABLES__ tables
    left join `genuine-arena-458814-u7`.`dbt_dataset`.INFORMATION_SCHEMA.MATERIALIZED_VIEWS materialized_views
        on materialized_views.table_catalog = tables.project_id
        and materialized_views.table_schema = tables.dataset_id
        and materialized_views.table_name = tables.table_id
    left join `genuine-arena-458814-u7`.`dbt_dataset`.INFORMATION_SCHEMA.TABLE_OPTIONS table_description
        on table_description.table_catalog = tables.project_id
        and table_description.table_schema = tables.dataset_id
        and table_description.table_name = tables.table_id
        and table_description.option_name = 'description'
),
                table_shards as (
                    select * from table_shards_stage
                    where ((
                                upper(table_schema) = upper('dbt_dataset')
                            and upper(table_name) = upper('my_bigquery_model')
                            ))
                ),
                tables as (
    select distinct
        table_catalog,
        table_schema,
        table_name,
        is_date_shard,
        table_type,
        is_table,
        table_comment
    from table_shards
),
                table_stats as (
    select
        table_catalog,
        table_schema,
        table_name,
        max(shard_name) as latest_shard_name,
        min(shard_index) as shard_min,
        max(shard_index) as shard_max,
        count(shard_index) as shard_count,
        sum(size_bytes) as size_bytes,
        sum(row_count) as row_count
    from table_shards
    group by 1, 2, 3
),

                columns as (
    select
        columns.table_catalog,
        columns.table_schema,
        columns.table_name as shard_name,
        coalesce(paths.field_path, '<unknown>') as column_name,
        -- invent a row number to account for nested fields
        -- BQ does not treat these nested properties as independent fields
        row_number() over (
            partition by
                columns.table_catalog,
                columns.table_schema,
                columns.table_name
            order by
                columns.ordinal_position,
                paths.field_path
        ) as column_index,
        coalesce(paths.data_type, '<unknown>') as column_type,
        paths.description as column_comment,
        case when columns.is_partitioning_column = 'YES' then 1 else 0 end as is_partitioning_column,
        case when columns.is_partitioning_column = 'YES' then paths.field_path end as partition_column,
        case when columns.clustering_ordinal_position is not null then 1 else 0 end as is_clustering_column,
        case when columns.clustering_ordinal_position is not null then paths.field_path end as cluster_column,
        columns.clustering_ordinal_position
    from `genuine-arena-458814-u7`.`dbt_dataset`.INFORMATION_SCHEMA.COLUMNS columns
    join `genuine-arena-458814-u7`.`dbt_dataset`.INFORMATION_SCHEMA.COLUMN_FIELD_PATHS paths
        on paths.table_catalog = columns.table_catalog
        and paths.table_schema = columns.table_schema
        and paths.table_name = columns.table_name
        and paths.column_name = columns.column_name
    where columns.ordinal_position is not null
),
                column_stats as (
    select
        table_catalog,
        table_schema,
        shard_name,
        max(is_partitioning_column) = 1 as is_partitioned,
        max(partition_column) as partition_column,
        max(is_clustering_column) = 1 as is_clustered,
        array_to_string(
            array_agg(
                cluster_column ignore nulls
                order by clustering_ordinal_position
            ), ', '
        ) as clustering_columns
    from columns
    group by 1, 2, 3
)

            
    select
        tables.table_catalog as table_database,
        tables.table_schema,
        case
            when tables.is_date_shard then concat(tables.table_name, '*')
            else tables.table_name
        end as table_name,
        tables.table_type,
        tables.table_comment,
        -- coalesce column metadata fields to ensure they are non-null for catalog generation
        -- external table columns are not present in COLUMN_FIELD_PATHS
        coalesce(columns.column_name, '<unknown>') as column_name,
        coalesce(columns.column_index, 1) as column_index,
        coalesce(columns.column_type, '<unknown>') as column_type,
        coalesce(columns.column_comment, '') as column_comment,

        'Shard count' as `stats__date_shards__label`,
        table_stats.shard_count as `stats__date_shards__value`,
        'The number of date shards in this table' as `stats__date_shards__description`,
        tables.is_date_shard as `stats__date_shards__include`,

        'Shard (min)' as `stats__date_shard_min__label`,
        table_stats.shard_min as `stats__date_shard_min__value`,
        'The first date shard in this table' as `stats__date_shard_min__description`,
        tables.is_date_shard as `stats__date_shard_min__include`,

        'Shard (max)' as `stats__date_shard_max__label`,
        table_stats.shard_max as `stats__date_shard_max__value`,
        'The last date shard in this table' as `stats__date_shard_max__description`,
        tables.is_date_shard as `stats__date_shard_max__include`,

        '# Rows' as `stats__num_rows__label`,
        table_stats.row_count as `stats__num_rows__value`,
        'Approximate count of rows in this table' as `stats__num_rows__description`,
        tables.is_table as `stats__num_rows__include`,

        'Approximate Size' as `stats__num_bytes__label`,
        table_stats.size_bytes as `stats__num_bytes__value`,
        'Approximate size of table as reported by BigQuery' as `stats__num_bytes__description`,
        tables.is_table as `stats__num_bytes__include`,

        'Partitioned By' as `stats__partitioning_type__label`,
        column_stats.partition_column as `stats__partitioning_type__value`,
        'The partitioning column for this table' as `stats__partitioning_type__description`,
        column_stats.is_partitioned as `stats__partitioning_type__include`,

        'Clustered By' as `stats__clustering_fields__label`,
        column_stats.clustering_columns as `stats__clustering_fields__value`,
        'The clustering columns for this table' as `stats__clustering_fields__description`,
        column_stats.is_clustered as `stats__clustering_fields__include`

    from tables
    join table_stats
        on table_stats.table_catalog = tables.table_catalog
        and table_stats.table_schema = tables.table_schema
        and table_stats.table_name = tables.table_name
    left join column_stats
        on column_stats.table_catalog = tables.table_catalog
        and column_stats.table_schema = tables.table_schema
        and column_stats.shard_name = table_stats.latest_shard_name
    left join columns
        on columns.table_catalog = tables.table_catalog
        and columns.table_schema = tables.table_schema
        and columns.shard_name = table_stats.latest_shard_name

  
[0m21:03:30.370865 [debug] [ThreadPool]: On genuine-arena-458814-u7.information_schema: /* {"app": "dbt", "dbt_version": "1.11.8", "profile_name": "default", "target_name": "bigquery", "connection_name": "genuine-arena-458814-u7.information_schema"} */

    with
                table_shards_stage as (
    select
        tables.project_id as table_catalog,
        tables.dataset_id as table_schema,
        coalesce(REGEXP_EXTRACT(tables.table_id, '^(.+)[0-9]{8}$'), tables.table_id) as table_name,
        tables.table_id as shard_name,
        REGEXP_EXTRACT(tables.table_id, '^.+([0-9]{8})$') as shard_index,
        REGEXP_CONTAINS(tables.table_id, '^.+[0-9]{8}$') and tables.type = 1 as is_date_shard,
        case
            when materialized_views.table_name is not null then 'materialized view'
            when tables.type = 1 then 'table'
            when tables.type = 2 then 'view'
            else 'external'
        end as table_type,
        tables.type = 1 as is_table,
        JSON_VALUE(table_description.option_value) as table_comment,
        tables.size_bytes,
        tables.row_count
    from `genuine-arena-458814-u7`.`books_clean_stg`.__TABLES__ tables
    left join `genuine-arena-458814-u7`.`books_clean_stg`.INFORMATION_SCHEMA.MATERIALIZED_VIEWS materialized_views
        on materialized_views.table_catalog = tables.project_id
        and materialized_views.table_schema = tables.dataset_id
        and materialized_views.table_name = tables.table_id
    left join `genuine-arena-458814-u7`.`books_clean_stg`.INFORMATION_SCHEMA.TABLE_OPTIONS table_description
        on table_description.table_catalog = tables.project_id
        and table_description.table_schema = tables.dataset_id
        and table_description.table_name = tables.table_id
        and table_description.option_name = 'description'
),
                table_shards as (
                    select * from table_shards_stage
                    where ((
                                upper(table_schema) = upper('books_clean_stg')
                            and upper(table_name) = upper('books_clean_stg')
                            ))
                ),
                tables as (
    select distinct
        table_catalog,
        table_schema,
        table_name,
        is_date_shard,
        table_type,
        is_table,
        table_comment
    from table_shards
),
                table_stats as (
    select
        table_catalog,
        table_schema,
        table_name,
        max(shard_name) as latest_shard_name,
        min(shard_index) as shard_min,
        max(shard_index) as shard_max,
        count(shard_index) as shard_count,
        sum(size_bytes) as size_bytes,
        sum(row_count) as row_count
    from table_shards
    group by 1, 2, 3
),

                columns as (
    select
        columns.table_catalog,
        columns.table_schema,
        columns.table_name as shard_name,
        coalesce(paths.field_path, '<unknown>') as column_name,
        -- invent a row number to account for nested fields
        -- BQ does not treat these nested properties as independent fields
        row_number() over (
            partition by
                columns.table_catalog,
                columns.table_schema,
                columns.table_name
            order by
                columns.ordinal_position,
                paths.field_path
        ) as column_index,
        coalesce(paths.data_type, '<unknown>') as column_type,
        paths.description as column_comment,
        case when columns.is_partitioning_column = 'YES' then 1 else 0 end as is_partitioning_column,
        case when columns.is_partitioning_column = 'YES' then paths.field_path end as partition_column,
        case when columns.clustering_ordinal_position is not null then 1 else 0 end as is_clustering_column,
        case when columns.clustering_ordinal_position is not null then paths.field_path end as cluster_column,
        columns.clustering_ordinal_position
    from `genuine-arena-458814-u7`.`books_clean_stg`.INFORMATION_SCHEMA.COLUMNS columns
    join `genuine-arena-458814-u7`.`books_clean_stg`.INFORMATION_SCHEMA.COLUMN_FIELD_PATHS paths
        on paths.table_catalog = columns.table_catalog
        and paths.table_schema = columns.table_schema
        and paths.table_name = columns.table_name
        and paths.column_name = columns.column_name
    where columns.ordinal_position is not null
),
                column_stats as (
    select
        table_catalog,
        table_schema,
        shard_name,
        max(is_partitioning_column) = 1 as is_partitioned,
        max(partition_column) as partition_column,
        max(is_clustering_column) = 1 as is_clustered,
        array_to_string(
            array_agg(
                cluster_column ignore nulls
                order by clustering_ordinal_position
            ), ', '
        ) as clustering_columns
    from columns
    group by 1, 2, 3
)

            
    select
        tables.table_catalog as table_database,
        tables.table_schema,
        case
            when tables.is_date_shard then concat(tables.table_name, '*')
            else tables.table_name
        end as table_name,
        tables.table_type,
        tables.table_comment,
        -- coalesce column metadata fields to ensure they are non-null for catalog generation
        -- external table columns are not present in COLUMN_FIELD_PATHS
        coalesce(columns.column_name, '<unknown>') as column_name,
        coalesce(columns.column_index, 1) as column_index,
        coalesce(columns.column_type, '<unknown>') as column_type,
        coalesce(columns.column_comment, '') as column_comment,

        'Shard count' as `stats__date_shards__label`,
        table_stats.shard_count as `stats__date_shards__value`,
        'The number of date shards in this table' as `stats__date_shards__description`,
        tables.is_date_shard as `stats__date_shards__include`,

        'Shard (min)' as `stats__date_shard_min__label`,
        table_stats.shard_min as `stats__date_shard_min__value`,
        'The first date shard in this table' as `stats__date_shard_min__description`,
        tables.is_date_shard as `stats__date_shard_min__include`,

        'Shard (max)' as `stats__date_shard_max__label`,
        table_stats.shard_max as `stats__date_shard_max__value`,
        'The last date shard in this table' as `stats__date_shard_max__description`,
        tables.is_date_shard as `stats__date_shard_max__include`,

        '# Rows' as `stats__num_rows__label`,
        table_stats.row_count as `stats__num_rows__value`,
        'Approximate count of rows in this table' as `stats__num_rows__description`,
        tables.is_table as `stats__num_rows__include`,

        'Approximate Size' as `stats__num_bytes__label`,
        table_stats.size_bytes as `stats__num_bytes__value`,
        'Approximate size of table as reported by BigQuery' as `stats__num_bytes__description`,
        tables.is_table as `stats__num_bytes__include`,

        'Partitioned By' as `stats__partitioning_type__label`,
        column_stats.partition_column as `stats__partitioning_type__value`,
        'The partitioning column for this table' as `stats__partitioning_type__description`,
        column_stats.is_partitioned as `stats__partitioning_type__include`,

        'Clustered By' as `stats__clustering_fields__label`,
        column_stats.clustering_columns as `stats__clustering_fields__value`,
        'The clustering columns for this table' as `stats__clustering_fields__description`,
        column_stats.is_clustered as `stats__clustering_fields__include`

    from tables
    join table_stats
        on table_stats.table_catalog = tables.table_catalog
        and table_stats.table_schema = tables.table_schema
        and table_stats.table_name = tables.table_name
    left join column_stats
        on column_stats.table_catalog = tables.table_catalog
        and column_stats.table_schema = tables.table_schema
        and column_stats.shard_name = table_stats.latest_shard_name
    left join columns
        on columns.table_catalog = tables.table_catalog
        and columns.table_schema = tables.table_schema
        and columns.shard_name = table_stats.latest_shard_name

  
[0m21:03:30.378053 [debug] [ThreadPool]: Opening a new connection, currently in state init
[0m21:03:30.382029 [debug] [ThreadPool]: Opening a new connection, currently in state init
[0m21:03:31.603297 [debug] [ThreadPool]: BigQuery adapter: https://console.cloud.google.com/bigquery?project=genuine-arena-458814-u7&j=bq:EU:92b38180-fc6c-40bb-ae01-548235a3b8ea&page=queryresults
[0m21:03:31.715505 [debug] [ThreadPool]: BigQuery adapter: https://console.cloud.google.com/bigquery?project=genuine-arena-458814-u7&j=bq:EU:4380733c-7689-4aec-9563-e8dfd376bd8a&page=queryresults
[0m21:03:33.643535 [debug] [ThreadPool]: SQL status: OK in 2.037 seconds
[0m21:03:33.673264 [debug] [ThreadPool]: SQL status: OK in 1.957 seconds
[0m21:03:34.905930 [debug] [MainThread]: Opening a new connection, currently in state init
[0m21:03:34.961500 [debug] [MainThread]: Wrote artifact CatalogArtifact to /usr/local/airflow/dbt/target/catalog.json
[0m21:03:35.004870 [debug] [MainThread]: Wrote artifact WritableManifest to /usr/local/airflow/dbt/target/manifest.json
[0m21:03:35.007457 [debug] [MainThread]: Wrote artifact SemanticManifest to /usr/local/airflow/dbt/target/semantic_manifest.json
[0m21:03:35.007713 [info ] [MainThread]: Catalog written to /usr/local/airflow/dbt/target/catalog.json
[0m21:03:35.008778 [debug] [MainThread]: Resource report: {"command_name": "generate", "command_success": true, "command_wall_clock_time": 8.676127, "process_in_blocks": "0", "process_kernel_time": 1.247082, "process_mem_max_rss": "253224", "process_out_blocks": "6857", "process_user_time": 5.260221}
[0m21:03:35.009433 [debug] [MainThread]: Command `dbt docs generate` succeeded at 21:03:35.009294 after 8.68 seconds
[0m21:03:35.009997 [debug] [MainThread]: Connection 'generate_catalog' was properly closed.
[0m21:03:35.010185 [debug] [MainThread]: Connection 'genuine-arena-458814-u7.information_schema' was properly closed.
[0m21:03:35.010330 [debug] [MainThread]: Connection 'genuine-arena-458814-u7.information_schema' was properly closed.
[0m21:03:35.010679 [debug] [MainThread]: Sending event: {'category': 'dbt', 'action': 'invocation', 'label': 'end', 'context': [<snowplow_tracker.self_describing_json.SelfDescribingJson object at 0xffffa8039e20>, <snowplow_tracker.self_describing_json.SelfDescribingJson object at 0xffffa8039970>, <snowplow_tracker.self_describing_json.SelfDescribingJson object at 0xffffa7672c00>]}
[0m21:03:35.011062 [debug] [MainThread]: Flushing usage events
[0m21:03:36.302077 [debug] [MainThread]: An error was encountered while trying to flush usage events
[0m21:03:39.097274 [debug] [MainThread]: Sending event: {'category': 'dbt', 'action': 'invocation', 'label': 'start', 'context': [<snowplow_tracker.self_describing_json.SelfDescribingJson object at 0xffff9789ec60>, <snowplow_tracker.self_describing_json.SelfDescribingJson object at 0xffff96fa9310>, <snowplow_tracker.self_describing_json.SelfDescribingJson object at 0xffff9789eed0>]}


============================== 21:03:39.134420 | b6d52ff4-94ea-438f-983b-b0259c0506b2 ==============================
[0m21:03:39.134420 [info ] [MainThread]: Running with dbt=1.11.8
[0m21:03:39.135109 [debug] [MainThread]: running dbt with arguments {'quiet': 'False', 'warn_error': 'None', 'profiles_dir': '.', 'printer_width': '80', 'debug': 'False', 'partial_parse': 'True', 'invocation_command': 'dbt docs generate --select tag:bigquery --no-compile --profiles-dir . --target bigquery', 'no_print': 'None', 'send_anonymous_usage_stats': 'True', 'log_format': 'default', 'cache_selected_only': 'False', 'indirect_selection': 'eager', 'log_cache_events': 'False', 'fail_fast': 'False', 'warn_error_options': 'WarnErrorOptionsV2(error=[], warn=[], silence=[])', 'use_colors': 'True', 'introspect': 'True', 'use_experimental_parser': 'False', 'write_json': 'True', 'empty': 'None', 'static_parser': 'True', 'target_path': 'None', 'log_path': '/usr/local/airflow/dbt/logs', 'version_check': 'True'}
[0m21:03:40.165443 [debug] [MainThread]: Sending event: {'category': 'dbt', 'action': 'project_id', 'label': 'b6d52ff4-94ea-438f-983b-b0259c0506b2', 'context': [<snowplow_tracker.self_describing_json.SelfDescribingJson object at 0xffff96d3ed50>]}
[0m21:03:40.194489 [debug] [MainThread]: Sending event: {'category': 'dbt', 'action': 'adapter_info', 'label': 'b6d52ff4-94ea-438f-983b-b0259c0506b2', 'context': [<snowplow_tracker.self_describing_json.SelfDescribingJson object at 0xffff96d22fc0>]}
[0m21:03:40.194974 [info ] [MainThread]: Registered adapter: bigquery=1.11.1
[0m21:03:40.266378 [debug] [MainThread]: checksum: 37c4db928af9891f5e0dd258519df63812471ab9c4e0367d3c9f4eec932aedf1, vars: {}, profile: , target: bigquery, version: 1.11.8
[0m21:03:40.403471 [debug] [MainThread]: Partial parsing enabled: 0 files deleted, 0 files added, 0 files changed.
[0m21:03:40.403784 [debug] [MainThread]: Nothing changed, skipping partial parsing.
[0m21:03:40.403998 [debug] [MainThread]: Partial parsing enabled, no changes found, skipping parsing
[0m21:03:40.428352 [debug] [MainThread]: Sending event: {'category': 'dbt', 'action': 'load_project', 'label': 'b6d52ff4-94ea-438f-983b-b0259c0506b2', 'context': [<snowplow_tracker.self_describing_json.SelfDescribingJson object at 0xffff97463a40>]}
[0m21:03:40.448166 [debug] [MainThread]: Acquiring new bigquery connection 'generate_catalog'
[0m21:03:40.448603 [info ] [MainThread]: Building catalog
[0m21:03:40.452720 [debug] [MainThread]: Opening a new connection, currently in state init
[0m21:03:41.521287 [debug] [MainThread]: BigQuery adapter: Skipping catalog for genuine-arena-458814-u7.default - schema does not exist
[0m21:03:41.522297 [debug] [MainThread]: BigQuery adapter: Skipping catalog for genuine-arena-458814-u7.public - schema does not exist
[0m21:03:41.523737 [debug] [ThreadPool]: Acquiring new bigquery connection 'genuine-arena-458814-u7.information_schema'
[0m21:03:41.537452 [debug] [ThreadPool]: Acquiring new bigquery connection 'genuine-arena-458814-u7.information_schema'
[0m21:03:41.553417 [debug] [ThreadPool]: On genuine-arena-458814-u7.information_schema: /* {"app": "dbt", "dbt_version": "1.11.8", "profile_name": "default", "target_name": "bigquery", "connection_name": "genuine-arena-458814-u7.information_schema"} */

    with
                table_shards as (
                    
    select
        tables.project_id as table_catalog,
        tables.dataset_id as table_schema,
        coalesce(REGEXP_EXTRACT(tables.table_id, '^(.+)[0-9]{8}$'), tables.table_id) as table_name,
        tables.table_id as shard_name,
        REGEXP_EXTRACT(tables.table_id, '^.+([0-9]{8})$') as shard_index,
        REGEXP_CONTAINS(tables.table_id, '^.+[0-9]{8}$') and tables.type = 1 as is_date_shard,
        case
            when materialized_views.table_name is not null then 'materialized view'
            when tables.type = 1 then 'table'
            when tables.type = 2 then 'view'
            else 'external'
        end as table_type,
        tables.type = 1 as is_table,
        JSON_VALUE(table_description.option_value) as table_comment,
        tables.size_bytes,
        tables.row_count
    from `genuine-arena-458814-u7`.`dbt_dataset`.__TABLES__ tables
    left join `genuine-arena-458814-u7`.`dbt_dataset`.INFORMATION_SCHEMA.MATERIALIZED_VIEWS materialized_views
        on materialized_views.table_catalog = tables.project_id
        and materialized_views.table_schema = tables.dataset_id
        and materialized_views.table_name = tables.table_id
    left join `genuine-arena-458814-u7`.`dbt_dataset`.INFORMATION_SCHEMA.TABLE_OPTIONS table_description
        on table_description.table_catalog = tables.project_id
        and table_description.table_schema = tables.dataset_id
        and table_description.table_name = tables.table_id
        and table_description.option_name = 'description'

                    where (upper(tables.dataset_id) = upper('dbt_dataset'))
                ),
                tables as (
    select distinct
        table_catalog,
        table_schema,
        table_name,
        is_date_shard,
        table_type,
        is_table,
        table_comment
    from table_shards
),
                table_stats as (
    select
        table_catalog,
        table_schema,
        table_name,
        max(shard_name) as latest_shard_name,
        min(shard_index) as shard_min,
        max(shard_index) as shard_max,
        count(shard_index) as shard_count,
        sum(size_bytes) as size_bytes,
        sum(row_count) as row_count
    from table_shards
    group by 1, 2, 3
),

                columns as (
    select
        columns.table_catalog,
        columns.table_schema,
        columns.table_name as shard_name,
        coalesce(paths.field_path, '<unknown>') as column_name,
        -- invent a row number to account for nested fields
        -- BQ does not treat these nested properties as independent fields
        row_number() over (
            partition by
                columns.table_catalog,
                columns.table_schema,
                columns.table_name
            order by
                columns.ordinal_position,
                paths.field_path
        ) as column_index,
        coalesce(paths.data_type, '<unknown>') as column_type,
        paths.description as column_comment,
        case when columns.is_partitioning_column = 'YES' then 1 else 0 end as is_partitioning_column,
        case when columns.is_partitioning_column = 'YES' then paths.field_path end as partition_column,
        case when columns.clustering_ordinal_position is not null then 1 else 0 end as is_clustering_column,
        case when columns.clustering_ordinal_position is not null then paths.field_path end as cluster_column,
        columns.clustering_ordinal_position
    from `genuine-arena-458814-u7`.`dbt_dataset`.INFORMATION_SCHEMA.COLUMNS columns
    join `genuine-arena-458814-u7`.`dbt_dataset`.INFORMATION_SCHEMA.COLUMN_FIELD_PATHS paths
        on paths.table_catalog = columns.table_catalog
        and paths.table_schema = columns.table_schema
        and paths.table_name = columns.table_name
        and paths.column_name = columns.column_name
    where columns.ordinal_position is not null
),
                column_stats as (
    select
        table_catalog,
        table_schema,
        shard_name,
        max(is_partitioning_column) = 1 as is_partitioned,
        max(partition_column) as partition_column,
        max(is_clustering_column) = 1 as is_clustered,
        array_to_string(
            array_agg(
                cluster_column ignore nulls
                order by clustering_ordinal_position
            ), ', '
        ) as clustering_columns
    from columns
    group by 1, 2, 3
)

            
    select
        tables.table_catalog as table_database,
        tables.table_schema,
        case
            when tables.is_date_shard then concat(tables.table_name, '*')
            else tables.table_name
        end as table_name,
        tables.table_type,
        tables.table_comment,
        -- coalesce column metadata fields to ensure they are non-null for catalog generation
        -- external table columns are not present in COLUMN_FIELD_PATHS
        coalesce(columns.column_name, '<unknown>') as column_name,
        coalesce(columns.column_index, 1) as column_index,
        coalesce(columns.column_type, '<unknown>') as column_type,
        coalesce(columns.column_comment, '') as column_comment,

        'Shard count' as `stats__date_shards__label`,
        table_stats.shard_count as `stats__date_shards__value`,
        'The number of date shards in this table' as `stats__date_shards__description`,
        tables.is_date_shard as `stats__date_shards__include`,

        'Shard (min)' as `stats__date_shard_min__label`,
        table_stats.shard_min as `stats__date_shard_min__value`,
        'The first date shard in this table' as `stats__date_shard_min__description`,
        tables.is_date_shard as `stats__date_shard_min__include`,

        'Shard (max)' as `stats__date_shard_max__label`,
        table_stats.shard_max as `stats__date_shard_max__value`,
        'The last date shard in this table' as `stats__date_shard_max__description`,
        tables.is_date_shard as `stats__date_shard_max__include`,

        '# Rows' as `stats__num_rows__label`,
        table_stats.row_count as `stats__num_rows__value`,
        'Approximate count of rows in this table' as `stats__num_rows__description`,
        tables.is_table as `stats__num_rows__include`,

        'Approximate Size' as `stats__num_bytes__label`,
        table_stats.size_bytes as `stats__num_bytes__value`,
        'Approximate size of table as reported by BigQuery' as `stats__num_bytes__description`,
        tables.is_table as `stats__num_bytes__include`,

        'Partitioned By' as `stats__partitioning_type__label`,
        column_stats.partition_column as `stats__partitioning_type__value`,
        'The partitioning column for this table' as `stats__partitioning_type__description`,
        column_stats.is_partitioned as `stats__partitioning_type__include`,

        'Clustered By' as `stats__clustering_fields__label`,
        column_stats.clustering_columns as `stats__clustering_fields__value`,
        'The clustering columns for this table' as `stats__clustering_fields__description`,
        column_stats.is_clustered as `stats__clustering_fields__include`

    from tables
    join table_stats
        on table_stats.table_catalog = tables.table_catalog
        and table_stats.table_schema = tables.table_schema
        and table_stats.table_name = tables.table_name
    left join column_stats
        on column_stats.table_catalog = tables.table_catalog
        and column_stats.table_schema = tables.table_schema
        and column_stats.shard_name = table_stats.latest_shard_name
    left join columns
        on columns.table_catalog = tables.table_catalog
        and columns.table_schema = tables.table_schema
        and columns.shard_name = table_stats.latest_shard_name

  
[0m21:03:41.554049 [debug] [ThreadPool]: Acquiring new bigquery connection 'genuine-arena-458814-u7.information_schema'
[0m21:03:41.557125 [debug] [ThreadPool]: On genuine-arena-458814-u7.information_schema: /* {"app": "dbt", "dbt_version": "1.11.8", "profile_name": "default", "target_name": "bigquery", "connection_name": "genuine-arena-458814-u7.information_schema"} */

    with
                table_shards as (
                    
    select
        tables.project_id as table_catalog,
        tables.dataset_id as table_schema,
        coalesce(REGEXP_EXTRACT(tables.table_id, '^(.+)[0-9]{8}$'), tables.table_id) as table_name,
        tables.table_id as shard_name,
        REGEXP_EXTRACT(tables.table_id, '^.+([0-9]{8})$') as shard_index,
        REGEXP_CONTAINS(tables.table_id, '^.+[0-9]{8}$') and tables.type = 1 as is_date_shard,
        case
            when materialized_views.table_name is not null then 'materialized view'
            when tables.type = 1 then 'table'
            when tables.type = 2 then 'view'
            else 'external'
        end as table_type,
        tables.type = 1 as is_table,
        JSON_VALUE(table_description.option_value) as table_comment,
        tables.size_bytes,
        tables.row_count
    from `genuine-arena-458814-u7`.`books_clean_stg`.__TABLES__ tables
    left join `genuine-arena-458814-u7`.`books_clean_stg`.INFORMATION_SCHEMA.MATERIALIZED_VIEWS materialized_views
        on materialized_views.table_catalog = tables.project_id
        and materialized_views.table_schema = tables.dataset_id
        and materialized_views.table_name = tables.table_id
    left join `genuine-arena-458814-u7`.`books_clean_stg`.INFORMATION_SCHEMA.TABLE_OPTIONS table_description
        on table_description.table_catalog = tables.project_id
        and table_description.table_schema = tables.dataset_id
        and table_description.table_name = tables.table_id
        and table_description.option_name = 'description'

                    where (upper(tables.dataset_id) = upper('books_clean_stg'))
                ),
                tables as (
    select distinct
        table_catalog,
        table_schema,
        table_name,
        is_date_shard,
        table_type,
        is_table,
        table_comment
    from table_shards
),
                table_stats as (
    select
        table_catalog,
        table_schema,
        table_name,
        max(shard_name) as latest_shard_name,
        min(shard_index) as shard_min,
        max(shard_index) as shard_max,
        count(shard_index) as shard_count,
        sum(size_bytes) as size_bytes,
        sum(row_count) as row_count
    from table_shards
    group by 1, 2, 3
),

                columns as (
    select
        columns.table_catalog,
        columns.table_schema,
        columns.table_name as shard_name,
        coalesce(paths.field_path, '<unknown>') as column_name,
        -- invent a row number to account for nested fields
        -- BQ does not treat these nested properties as independent fields
        row_number() over (
            partition by
                columns.table_catalog,
                columns.table_schema,
                columns.table_name
            order by
                columns.ordinal_position,
                paths.field_path
        ) as column_index,
        coalesce(paths.data_type, '<unknown>') as column_type,
        paths.description as column_comment,
        case when columns.is_partitioning_column = 'YES' then 1 else 0 end as is_partitioning_column,
        case when columns.is_partitioning_column = 'YES' then paths.field_path end as partition_column,
        case when columns.clustering_ordinal_position is not null then 1 else 0 end as is_clustering_column,
        case when columns.clustering_ordinal_position is not null then paths.field_path end as cluster_column,
        columns.clustering_ordinal_position
    from `genuine-arena-458814-u7`.`books_clean_stg`.INFORMATION_SCHEMA.COLUMNS columns
    join `genuine-arena-458814-u7`.`books_clean_stg`.INFORMATION_SCHEMA.COLUMN_FIELD_PATHS paths
        on paths.table_catalog = columns.table_catalog
        and paths.table_schema = columns.table_schema
        and paths.table_name = columns.table_name
        and paths.column_name = columns.column_name
    where columns.ordinal_position is not null
),
                column_stats as (
    select
        table_catalog,
        table_schema,
        shard_name,
        max(is_partitioning_column) = 1 as is_partitioned,
        max(partition_column) as partition_column,
        max(is_clustering_column) = 1 as is_clustered,
        array_to_string(
            array_agg(
                cluster_column ignore nulls
                order by clustering_ordinal_position
            ), ', '
        ) as clustering_columns
    from columns
    group by 1, 2, 3
)

            
    select
        tables.table_catalog as table_database,
        tables.table_schema,
        case
            when tables.is_date_shard then concat(tables.table_name, '*')
            else tables.table_name
        end as table_name,
        tables.table_type,
        tables.table_comment,
        -- coalesce column metadata fields to ensure they are non-null for catalog generation
        -- external table columns are not present in COLUMN_FIELD_PATHS
        coalesce(columns.column_name, '<unknown>') as column_name,
        coalesce(columns.column_index, 1) as column_index,
        coalesce(columns.column_type, '<unknown>') as column_type,
        coalesce(columns.column_comment, '') as column_comment,

        'Shard count' as `stats__date_shards__label`,
        table_stats.shard_count as `stats__date_shards__value`,
        'The number of date shards in this table' as `stats__date_shards__description`,
        tables.is_date_shard as `stats__date_shards__include`,

        'Shard (min)' as `stats__date_shard_min__label`,
        table_stats.shard_min as `stats__date_shard_min__value`,
        'The first date shard in this table' as `stats__date_shard_min__description`,
        tables.is_date_shard as `stats__date_shard_min__include`,

        'Shard (max)' as `stats__date_shard_max__label`,
        table_stats.shard_max as `stats__date_shard_max__value`,
        'The last date shard in this table' as `stats__date_shard_max__description`,
        tables.is_date_shard as `stats__date_shard_max__include`,

        '# Rows' as `stats__num_rows__label`,
        table_stats.row_count as `stats__num_rows__value`,
        'Approximate count of rows in this table' as `stats__num_rows__description`,
        tables.is_table as `stats__num_rows__include`,

        'Approximate Size' as `stats__num_bytes__label`,
        table_stats.size_bytes as `stats__num_bytes__value`,
        'Approximate size of table as reported by BigQuery' as `stats__num_bytes__description`,
        tables.is_table as `stats__num_bytes__include`,

        'Partitioned By' as `stats__partitioning_type__label`,
        column_stats.partition_column as `stats__partitioning_type__value`,
        'The partitioning column for this table' as `stats__partitioning_type__description`,
        column_stats.is_partitioned as `stats__partitioning_type__include`,

        'Clustered By' as `stats__clustering_fields__label`,
        column_stats.clustering_columns as `stats__clustering_fields__value`,
        'The clustering columns for this table' as `stats__clustering_fields__description`,
        column_stats.is_clustered as `stats__clustering_fields__include`

    from tables
    join table_stats
        on table_stats.table_catalog = tables.table_catalog
        and table_stats.table_schema = tables.table_schema
        and table_stats.table_name = tables.table_name
    left join column_stats
        on column_stats.table_catalog = tables.table_catalog
        and column_stats.table_schema = tables.table_schema
        and column_stats.shard_name = table_stats.latest_shard_name
    left join columns
        on columns.table_catalog = tables.table_catalog
        and columns.table_schema = tables.table_schema
        and columns.shard_name = table_stats.latest_shard_name

  
[0m21:03:41.557738 [debug] [ThreadPool]: Acquiring new bigquery connection 'genuine-arena-458814-u7.information_schema'
[0m21:03:41.558075 [debug] [ThreadPool]: Opening a new connection, currently in state init
[0m21:03:41.560212 [debug] [ThreadPool]: On genuine-arena-458814-u7.information_schema: /* {"app": "dbt", "dbt_version": "1.11.8", "profile_name": "default", "target_name": "bigquery", "connection_name": "genuine-arena-458814-u7.information_schema"} */

    with
                table_shards as (
                    
    select
        tables.project_id as table_catalog,
        tables.dataset_id as table_schema,
        coalesce(REGEXP_EXTRACT(tables.table_id, '^(.+)[0-9]{8}$'), tables.table_id) as table_name,
        tables.table_id as shard_name,
        REGEXP_EXTRACT(tables.table_id, '^.+([0-9]{8})$') as shard_index,
        REGEXP_CONTAINS(tables.table_id, '^.+[0-9]{8}$') and tables.type = 1 as is_date_shard,
        case
            when materialized_views.table_name is not null then 'materialized view'
            when tables.type = 1 then 'table'
            when tables.type = 2 then 'view'
            else 'external'
        end as table_type,
        tables.type = 1 as is_table,
        JSON_VALUE(table_description.option_value) as table_comment,
        tables.size_bytes,
        tables.row_count
    from `genuine-arena-458814-u7`.`demo_dataset`.__TABLES__ tables
    left join `genuine-arena-458814-u7`.`demo_dataset`.INFORMATION_SCHEMA.MATERIALIZED_VIEWS materialized_views
        on materialized_views.table_catalog = tables.project_id
        and materialized_views.table_schema = tables.dataset_id
        and materialized_views.table_name = tables.table_id
    left join `genuine-arena-458814-u7`.`demo_dataset`.INFORMATION_SCHEMA.TABLE_OPTIONS table_description
        on table_description.table_catalog = tables.project_id
        and table_description.table_schema = tables.dataset_id
        and table_description.table_name = tables.table_id
        and table_description.option_name = 'description'

                    where (upper(tables.dataset_id) = upper('demo_dataset'))
                ),
                tables as (
    select distinct
        table_catalog,
        table_schema,
        table_name,
        is_date_shard,
        table_type,
        is_table,
        table_comment
    from table_shards
),
                table_stats as (
    select
        table_catalog,
        table_schema,
        table_name,
        max(shard_name) as latest_shard_name,
        min(shard_index) as shard_min,
        max(shard_index) as shard_max,
        count(shard_index) as shard_count,
        sum(size_bytes) as size_bytes,
        sum(row_count) as row_count
    from table_shards
    group by 1, 2, 3
),

                columns as (
    select
        columns.table_catalog,
        columns.table_schema,
        columns.table_name as shard_name,
        coalesce(paths.field_path, '<unknown>') as column_name,
        -- invent a row number to account for nested fields
        -- BQ does not treat these nested properties as independent fields
        row_number() over (
            partition by
                columns.table_catalog,
                columns.table_schema,
                columns.table_name
            order by
                columns.ordinal_position,
                paths.field_path
        ) as column_index,
        coalesce(paths.data_type, '<unknown>') as column_type,
        paths.description as column_comment,
        case when columns.is_partitioning_column = 'YES' then 1 else 0 end as is_partitioning_column,
        case when columns.is_partitioning_column = 'YES' then paths.field_path end as partition_column,
        case when columns.clustering_ordinal_position is not null then 1 else 0 end as is_clustering_column,
        case when columns.clustering_ordinal_position is not null then paths.field_path end as cluster_column,
        columns.clustering_ordinal_position
    from `genuine-arena-458814-u7`.`demo_dataset`.INFORMATION_SCHEMA.COLUMNS columns
    join `genuine-arena-458814-u7`.`demo_dataset`.INFORMATION_SCHEMA.COLUMN_FIELD_PATHS paths
        on paths.table_catalog = columns.table_catalog
        and paths.table_schema = columns.table_schema
        and paths.table_name = columns.table_name
        and paths.column_name = columns.column_name
    where columns.ordinal_position is not null
),
                column_stats as (
    select
        table_catalog,
        table_schema,
        shard_name,
        max(is_partitioning_column) = 1 as is_partitioned,
        max(partition_column) as partition_column,
        max(is_clustering_column) = 1 as is_clustered,
        array_to_string(
            array_agg(
                cluster_column ignore nulls
                order by clustering_ordinal_position
            ), ', '
        ) as clustering_columns
    from columns
    group by 1, 2, 3
)

            
    select
        tables.table_catalog as table_database,
        tables.table_schema,
        case
            when tables.is_date_shard then concat(tables.table_name, '*')
            else tables.table_name
        end as table_name,
        tables.table_type,
        tables.table_comment,
        -- coalesce column metadata fields to ensure they are non-null for catalog generation
        -- external table columns are not present in COLUMN_FIELD_PATHS
        coalesce(columns.column_name, '<unknown>') as column_name,
        coalesce(columns.column_index, 1) as column_index,
        coalesce(columns.column_type, '<unknown>') as column_type,
        coalesce(columns.column_comment, '') as column_comment,

        'Shard count' as `stats__date_shards__label`,
        table_stats.shard_count as `stats__date_shards__value`,
        'The number of date shards in this table' as `stats__date_shards__description`,
        tables.is_date_shard as `stats__date_shards__include`,

        'Shard (min)' as `stats__date_shard_min__label`,
        table_stats.shard_min as `stats__date_shard_min__value`,
        'The first date shard in this table' as `stats__date_shard_min__description`,
        tables.is_date_shard as `stats__date_shard_min__include`,

        'Shard (max)' as `stats__date_shard_max__label`,
        table_stats.shard_max as `stats__date_shard_max__value`,
        'The last date shard in this table' as `stats__date_shard_max__description`,
        tables.is_date_shard as `stats__date_shard_max__include`,

        '# Rows' as `stats__num_rows__label`,
        table_stats.row_count as `stats__num_rows__value`,
        'Approximate count of rows in this table' as `stats__num_rows__description`,
        tables.is_table as `stats__num_rows__include`,

        'Approximate Size' as `stats__num_bytes__label`,
        table_stats.size_bytes as `stats__num_bytes__value`,
        'Approximate size of table as reported by BigQuery' as `stats__num_bytes__description`,
        tables.is_table as `stats__num_bytes__include`,

        'Partitioned By' as `stats__partitioning_type__label`,
        column_stats.partition_column as `stats__partitioning_type__value`,
        'The partitioning column for this table' as `stats__partitioning_type__description`,
        column_stats.is_partitioned as `stats__partitioning_type__include`,

        'Clustered By' as `stats__clustering_fields__label`,
        column_stats.clustering_columns as `stats__clustering_fields__value`,
        'The clustering columns for this table' as `stats__clustering_fields__description`,
        column_stats.is_clustered as `stats__clustering_fields__include`

    from tables
    join table_stats
        on table_stats.table_catalog = tables.table_catalog
        and table_stats.table_schema = tables.table_schema
        and table_stats.table_name = tables.table_name
    left join column_stats
        on column_stats.table_catalog = tables.table_catalog
        and column_stats.table_schema = tables.table_schema
        and column_stats.shard_name = table_stats.latest_shard_name
    left join columns
        on columns.table_catalog = tables.table_catalog
        and columns.table_schema = tables.table_schema
        and columns.shard_name = table_stats.latest_shard_name

  
[0m21:03:41.560783 [debug] [ThreadPool]: Opening a new connection, currently in state init
[0m21:03:41.562507 [debug] [ThreadPool]: On genuine-arena-458814-u7.information_schema: /* {"app": "dbt", "dbt_version": "1.11.8", "profile_name": "default", "target_name": "bigquery", "connection_name": "genuine-arena-458814-u7.information_schema"} */

    with
                table_shards as (
                    
    select
        tables.project_id as table_catalog,
        tables.dataset_id as table_schema,
        coalesce(REGEXP_EXTRACT(tables.table_id, '^(.+)[0-9]{8}$'), tables.table_id) as table_name,
        tables.table_id as shard_name,
        REGEXP_EXTRACT(tables.table_id, '^.+([0-9]{8})$') as shard_index,
        REGEXP_CONTAINS(tables.table_id, '^.+[0-9]{8}$') and tables.type = 1 as is_date_shard,
        case
            when materialized_views.table_name is not null then 'materialized view'
            when tables.type = 1 then 'table'
            when tables.type = 2 then 'view'
            else 'external'
        end as table_type,
        tables.type = 1 as is_table,
        JSON_VALUE(table_description.option_value) as table_comment,
        tables.size_bytes,
        tables.row_count
    from `genuine-arena-458814-u7`.`book_dataset_stg`.__TABLES__ tables
    left join `genuine-arena-458814-u7`.`book_dataset_stg`.INFORMATION_SCHEMA.MATERIALIZED_VIEWS materialized_views
        on materialized_views.table_catalog = tables.project_id
        and materialized_views.table_schema = tables.dataset_id
        and materialized_views.table_name = tables.table_id
    left join `genuine-arena-458814-u7`.`book_dataset_stg`.INFORMATION_SCHEMA.TABLE_OPTIONS table_description
        on table_description.table_catalog = tables.project_id
        and table_description.table_schema = tables.dataset_id
        and table_description.table_name = tables.table_id
        and table_description.option_name = 'description'

                    where (upper(tables.dataset_id) = upper('book_dataset_stg'))
                ),
                tables as (
    select distinct
        table_catalog,
        table_schema,
        table_name,
        is_date_shard,
        table_type,
        is_table,
        table_comment
    from table_shards
),
                table_stats as (
    select
        table_catalog,
        table_schema,
        table_name,
        max(shard_name) as latest_shard_name,
        min(shard_index) as shard_min,
        max(shard_index) as shard_max,
        count(shard_index) as shard_count,
        sum(size_bytes) as size_bytes,
        sum(row_count) as row_count
    from table_shards
    group by 1, 2, 3
),

                columns as (
    select
        columns.table_catalog,
        columns.table_schema,
        columns.table_name as shard_name,
        coalesce(paths.field_path, '<unknown>') as column_name,
        -- invent a row number to account for nested fields
        -- BQ does not treat these nested properties as independent fields
        row_number() over (
            partition by
                columns.table_catalog,
                columns.table_schema,
                columns.table_name
            order by
                columns.ordinal_position,
                paths.field_path
        ) as column_index,
        coalesce(paths.data_type, '<unknown>') as column_type,
        paths.description as column_comment,
        case when columns.is_partitioning_column = 'YES' then 1 else 0 end as is_partitioning_column,
        case when columns.is_partitioning_column = 'YES' then paths.field_path end as partition_column,
        case when columns.clustering_ordinal_position is not null then 1 else 0 end as is_clustering_column,
        case when columns.clustering_ordinal_position is not null then paths.field_path end as cluster_column,
        columns.clustering_ordinal_position
    from `genuine-arena-458814-u7`.`book_dataset_stg`.INFORMATION_SCHEMA.COLUMNS columns
    join `genuine-arena-458814-u7`.`book_dataset_stg`.INFORMATION_SCHEMA.COLUMN_FIELD_PATHS paths
        on paths.table_catalog = columns.table_catalog
        and paths.table_schema = columns.table_schema
        and paths.table_name = columns.table_name
        and paths.column_name = columns.column_name
    where columns.ordinal_position is not null
),
                column_stats as (
    select
        table_catalog,
        table_schema,
        shard_name,
        max(is_partitioning_column) = 1 as is_partitioned,
        max(partition_column) as partition_column,
        max(is_clustering_column) = 1 as is_clustered,
        array_to_string(
            array_agg(
                cluster_column ignore nulls
                order by clustering_ordinal_position
            ), ', '
        ) as clustering_columns
    from columns
    group by 1, 2, 3
)

            
    select
        tables.table_catalog as table_database,
        tables.table_schema,
        case
            when tables.is_date_shard then concat(tables.table_name, '*')
            else tables.table_name
        end as table_name,
        tables.table_type,
        tables.table_comment,
        -- coalesce column metadata fields to ensure they are non-null for catalog generation
        -- external table columns are not present in COLUMN_FIELD_PATHS
        coalesce(columns.column_name, '<unknown>') as column_name,
        coalesce(columns.column_index, 1) as column_index,
        coalesce(columns.column_type, '<unknown>') as column_type,
        coalesce(columns.column_comment, '') as column_comment,

        'Shard count' as `stats__date_shards__label`,
        table_stats.shard_count as `stats__date_shards__value`,
        'The number of date shards in this table' as `stats__date_shards__description`,
        tables.is_date_shard as `stats__date_shards__include`,

        'Shard (min)' as `stats__date_shard_min__label`,
        table_stats.shard_min as `stats__date_shard_min__value`,
        'The first date shard in this table' as `stats__date_shard_min__description`,
        tables.is_date_shard as `stats__date_shard_min__include`,

        'Shard (max)' as `stats__date_shard_max__label`,
        table_stats.shard_max as `stats__date_shard_max__value`,
        'The last date shard in this table' as `stats__date_shard_max__description`,
        tables.is_date_shard as `stats__date_shard_max__include`,

        '# Rows' as `stats__num_rows__label`,
        table_stats.row_count as `stats__num_rows__value`,
        'Approximate count of rows in this table' as `stats__num_rows__description`,
        tables.is_table as `stats__num_rows__include`,

        'Approximate Size' as `stats__num_bytes__label`,
        table_stats.size_bytes as `stats__num_bytes__value`,
        'Approximate size of table as reported by BigQuery' as `stats__num_bytes__description`,
        tables.is_table as `stats__num_bytes__include`,

        'Partitioned By' as `stats__partitioning_type__label`,
        column_stats.partition_column as `stats__partitioning_type__value`,
        'The partitioning column for this table' as `stats__partitioning_type__description`,
        column_stats.is_partitioned as `stats__partitioning_type__include`,

        'Clustered By' as `stats__clustering_fields__label`,
        column_stats.clustering_columns as `stats__clustering_fields__value`,
        'The clustering columns for this table' as `stats__clustering_fields__description`,
        column_stats.is_clustered as `stats__clustering_fields__include`

    from tables
    join table_stats
        on table_stats.table_catalog = tables.table_catalog
        and table_stats.table_schema = tables.table_schema
        and table_stats.table_name = tables.table_name
    left join column_stats
        on column_stats.table_catalog = tables.table_catalog
        and column_stats.table_schema = tables.table_schema
        and column_stats.shard_name = table_stats.latest_shard_name
    left join columns
        on columns.table_catalog = tables.table_catalog
        and columns.table_schema = tables.table_schema
        and columns.shard_name = table_stats.latest_shard_name

  
[0m21:03:41.598535 [debug] [ThreadPool]: Opening a new connection, currently in state init
[0m21:03:41.601241 [debug] [ThreadPool]: Opening a new connection, currently in state init
[0m21:03:42.752583 [debug] [ThreadPool]: BigQuery adapter: https://console.cloud.google.com/bigquery?project=genuine-arena-458814-u7&j=bq:EU:e977e5c4-7352-49d2-a7ff-6cb19e320670&page=queryresults
[0m21:03:42.938904 [debug] [ThreadPool]: BigQuery adapter: https://console.cloud.google.com/bigquery?project=genuine-arena-458814-u7&j=bq:EU:b08114db-3f3f-4970-a54b-e1d420ef97be&page=queryresults
[0m21:03:43.004746 [debug] [ThreadPool]: BigQuery adapter: https://console.cloud.google.com/bigquery?project=genuine-arena-458814-u7&j=bq:EU:ac7b0bb8-11d7-4bd9-badc-e5a3714cb7c8&page=queryresults
[0m21:03:43.258233 [debug] [ThreadPool]: BigQuery adapter: https://console.cloud.google.com/bigquery?project=genuine-arena-458814-u7&j=bq:EU:d71c5457-485e-4027-8412-d2d710bfbf89&page=queryresults
[0m21:03:44.767627 [debug] [ThreadPool]: SQL status: OK in 2.014 seconds
[0m21:03:44.978375 [debug] [ThreadPool]: SQL status: OK in 2.038 seconds
[0m21:03:45.110961 [debug] [ThreadPool]: SQL status: OK in 2.105 seconds
[0m21:03:45.230399 [debug] [ThreadPool]: SQL status: OK in 1.971 seconds
[0m21:03:46.293142 [debug] [MainThread]: Wrote artifact CatalogArtifact to /usr/local/airflow/dbt/target/catalog.json
[0m21:03:46.293801 [info ] [MainThread]: Catalog written to /usr/local/airflow/dbt/target/catalog.json
[0m21:03:46.294842 [debug] [MainThread]: Resource report: {"command_name": "generate", "command_success": true, "command_wall_clock_time": 7.2269297, "process_in_blocks": "2744", "process_kernel_time": 0.607555, "process_mem_max_rss": "254044", "process_out_blocks": "3636", "process_user_time": 4.278957}
[0m21:03:46.295603 [debug] [MainThread]: Command `dbt docs generate` succeeded at 21:03:46.295471 after 7.23 seconds
[0m21:03:46.296125 [debug] [MainThread]: Connection 'generate_catalog' was properly closed.
[0m21:03:46.296353 [debug] [MainThread]: Connection 'genuine-arena-458814-u7.information_schema' was properly closed.
[0m21:03:46.296576 [debug] [MainThread]: Connection 'genuine-arena-458814-u7.information_schema' was properly closed.
[0m21:03:46.296782 [debug] [MainThread]: Connection 'genuine-arena-458814-u7.information_schema' was properly closed.
[0m21:03:46.296998 [debug] [MainThread]: Connection 'genuine-arena-458814-u7.information_schema' was properly closed.
[0m21:03:46.297482 [debug] [MainThread]: Sending event: {'category': 'dbt', 'action': 'invocation', 'label': 'end', 'context': [<snowplow_tracker.self_describing_json.SelfDescribingJson object at 0xffff7e58fd40>, <snowplow_tracker.self_describing_json.SelfDescribingJson object at 0xffff97b08170>, <snowplow_tracker.self_describing_json.SelfDescribingJson object at 0xffff97b088f0>]}
[0m21:03:46.297924 [debug] [MainThread]: Flushing usage events
[0m21:03:47.345685 [debug] [MainThread]: An error was encountered while trying to flush usage events
